PRAGMA foreign_keys=OFF;
BEGIN TRANSACTION;
CREATE TABLE IF NOT EXISTS "django_migrations" ("id" integer NOT NULL PRIMARY KEY AUTOINCREMENT, "app" varchar(255) NOT NULL, "name" varchar(255) NOT NULL, "applied" datetime NOT NULL);
INSERT INTO django_migrations VALUES(1,'contenttypes','0001_initial','2026-02-04 12:23:10.670346');
INSERT INTO django_migrations VALUES(2,'auth','0001_initial','2026-02-04 12:23:10.711725');
INSERT INTO django_migrations VALUES(3,'admin','0001_initial','2026-02-04 12:23:10.736018');
INSERT INTO django_migrations VALUES(4,'admin','0002_logentry_remove_auto_add','2026-02-04 12:23:10.757434');
INSERT INTO django_migrations VALUES(5,'admin','0003_logentry_add_action_flag_choices','2026-02-04 12:23:10.772269');
INSERT INTO django_migrations VALUES(6,'contenttypes','0002_remove_content_type_name','2026-02-04 12:23:10.798958');
INSERT INTO django_migrations VALUES(7,'auth','0002_alter_permission_name_max_length','2026-02-04 12:23:10.818231');
INSERT INTO django_migrations VALUES(8,'auth','0003_alter_user_email_max_length','2026-02-04 12:23:10.835515');
INSERT INTO django_migrations VALUES(9,'auth','0004_alter_user_username_opts','2026-02-04 12:23:10.851945');
INSERT INTO django_migrations VALUES(10,'auth','0005_alter_user_last_login_null','2026-02-04 12:23:10.869122');
INSERT INTO django_migrations VALUES(11,'auth','0006_require_contenttypes_0002','2026-02-04 12:23:10.875941');
INSERT INTO django_migrations VALUES(12,'auth','0007_alter_validators_add_error_messages','2026-02-04 12:23:10.888545');
INSERT INTO django_migrations VALUES(13,'auth','0008_alter_user_username_max_length','2026-02-04 12:23:10.906248');
INSERT INTO django_migrations VALUES(14,'auth','0009_alter_user_last_name_max_length','2026-02-04 12:23:10.924252');
INSERT INTO django_migrations VALUES(15,'auth','0010_alter_group_name_max_length','2026-02-04 12:23:10.941863');
INSERT INTO django_migrations VALUES(16,'auth','0011_update_proxy_permissions','2026-02-04 12:23:10.955443');
INSERT INTO django_migrations VALUES(17,'auth','0012_alter_user_first_name_max_length','2026-02-04 12:23:10.972981');
INSERT INTO django_migrations VALUES(18,'sessions','0001_initial','2026-02-04 12:23:10.990790');
INSERT INTO django_migrations VALUES(19,'webapp','0001_initial','2026-02-04 15:16:45.057324');
INSERT INTO django_migrations VALUES(20,'webapp','0002_alter_property_zip_code','2026-02-04 16:42:23.240602');
INSERT INTO django_migrations VALUES(21,'webapp','0003_alter_property_heating_share_percent','2026-02-04 17:44:30.941472');
INSERT INTO django_migrations VALUES(22,'webapp','0004_owner_city_owner_iban_owner_notes_and_more','2026-02-04 18:44:54.760732');
INSERT INTO django_migrations VALUES(23,'webapp','0005_alter_unit_operating_cost_share_and_more','2026-02-04 18:50:25.141910');
INSERT INTO django_migrations VALUES(24,'webapp','0006_manager_property_manager','2026-02-04 19:01:34.731047');
INSERT INTO django_migrations VALUES(25,'webapp','0007_manager_phone','2026-02-04 19:03:24.293221');
INSERT INTO django_migrations VALUES(26,'webapp','0008_tenant','2026-02-04 19:08:30.919863');
INSERT INTO django_migrations VALUES(27,'webapp','0009_leaseagreement','2026-02-04 19:17:24.690562');
INSERT INTO django_migrations VALUES(28,'webapp','0010_meter_meterreading','2026-02-05 08:08:47.704632');
INSERT INTO django_migrations VALUES(29,'webapp','0011_alter_unit_usable_area','2026-02-05 08:36:48.038571');
INSERT INTO django_migrations VALUES(30,'webapp','0012_alter_unit_operating_cost_share','2026-02-05 08:38:41.833319');
INSERT INTO django_migrations VALUES(31,'webapp','0013_remove_leaseagreement_tenants_leaseagreement_status_and_more','2026-02-05 09:19:57.806192');
INSERT INTO django_migrations VALUES(32,'webapp','0014_alter_tenant_email','2026-02-05 11:27:23.018538');
INSERT INTO django_migrations VALUES(33,'webapp','0015_alter_tenant_options','2026-02-05 11:49:44.064405');
INSERT INTO django_migrations VALUES(34,'webapp','0016_alter_leaseagreement_deposit_and_more','2026-02-05 11:59:47.197399');
INSERT INTO django_migrations VALUES(35,'webapp','0017_remove_leaseagreement_tenant_leaseagreement_tenants','2026-02-05 11:59:47.258883');
INSERT INTO django_migrations VALUES(36,'webapp','0018_import_legacy_meters','2026-02-05 12:54:14.921400');
INSERT INTO django_migrations VALUES(37,'webapp','0019_meter_unit_of_measure','2026-02-05 14:20:13.928198');
INSERT INTO django_migrations VALUES(38,'webapp','0020_leaseagreement_history','2026-02-06 16:06:51.862804');
INSERT INTO django_migrations VALUES(39,'webapp','0021_alter_historicalleaseagreement_id_and_more','2026-02-06 16:07:36.241925');
INSERT INTO django_migrations VALUES(40,'webapp','0022_banktransaktion','2026-02-06 16:30:49.376862');
INSERT INTO django_migrations VALUES(41,'webapp','0023_buchung','2026-02-06 17:04:30.549946');
INSERT INTO django_migrations VALUES(42,'webapp','0024_alter_historicalbuchung_id','2026-02-06 17:04:30.594296');
INSERT INTO django_migrations VALUES(43,'webapp','0024_buchung_optional_fields','2026-02-06 17:25:47.645320');
INSERT INTO django_migrations VALUES(44,'webapp','0025_merge_20260206_1825','2026-02-06 17:25:47.653104');
INSERT INTO django_migrations VALUES(45,'webapp','0025_remove_buchung_status','2026-02-06 18:13:29.529787');
INSERT INTO django_migrations VALUES(46,'webapp','0026_merge_20260206_1913','2026-02-06 18:13:29.536655');
INSERT INTO django_migrations VALUES(47,'webapp','0026_buchung_monat','2026-02-06 18:26:24.000995');
INSERT INTO django_migrations VALUES(48,'webapp','0027_merge_0026_buchung_monat_0026_merge_20260206_1913','2026-02-06 18:26:24.007643');
INSERT INTO django_migrations VALUES(49,'webapp','0028_remove_buchung_monat_remove_historicalbuchung_monat','2026-02-06 18:26:53.417184');
INSERT INTO django_migrations VALUES(50,'webapp','0029_betriebskostenbeleg','2026-02-08 15:07:19.411588');
INSERT INTO django_migrations VALUES(51,'webapp','0030_alter_betriebskostenbeleg_ust_prozent','2026-02-08 15:23:30.428454');
INSERT INTO django_migrations VALUES(52,'webapp','0031_buchung_uniq_buchung_soll_mietvertrag_datum_kategorie_typ','2026-02-09 17:56:31.203649');
INSERT INTO django_migrations VALUES(53,'webapp','0032_datei_dateizuordnung_datei_datei_kategorie_idx_and_more','2026-02-09 19:19:26.982170');
INSERT INTO django_migrations VALUES(54,'webapp','0033_dateioperationlog','2026-02-09 19:49:37.728788');
INSERT INTO django_migrations VALUES(55,'webapp','0034_datei_archived_at_datei_archived_by_and_more','2026-02-09 19:49:37.834407');
CREATE TABLE IF NOT EXISTS "auth_group_permissions" ("id" integer NOT NULL PRIMARY KEY AUTOINCREMENT, "group_id" integer NOT NULL REFERENCES "auth_group" ("id") DEFERRABLE INITIALLY DEFERRED, "permission_id" integer NOT NULL REFERENCES "auth_permission" ("id") DEFERRABLE INITIALLY DEFERRED);
CREATE TABLE IF NOT EXISTS "auth_user_groups" ("id" integer NOT NULL PRIMARY KEY AUTOINCREMENT, "user_id" integer NOT NULL REFERENCES "auth_user" ("id") DEFERRABLE INITIALLY DEFERRED, "group_id" integer NOT NULL REFERENCES "auth_group" ("id") DEFERRABLE INITIALLY DEFERRED);
CREATE TABLE IF NOT EXISTS "auth_user_user_permissions" ("id" integer NOT NULL PRIMARY KEY AUTOINCREMENT, "user_id" integer NOT NULL REFERENCES "auth_user" ("id") DEFERRABLE INITIALLY DEFERRED, "permission_id" integer NOT NULL REFERENCES "auth_permission" ("id") DEFERRABLE INITIALLY DEFERRED);
CREATE TABLE IF NOT EXISTS "django_admin_log" ("id" integer NOT NULL PRIMARY KEY AUTOINCREMENT, "object_id" text NULL, "object_repr" varchar(200) NOT NULL, "action_flag" smallint unsigned NOT NULL CHECK ("action_flag" >= 0), "change_message" text NOT NULL, "content_type_id" integer NULL REFERENCES "django_content_type" ("id") DEFERRABLE INITIALLY DEFERRED, "user_id" integer NOT NULL REFERENCES "auth_user" ("id") DEFERRABLE INITIALLY DEFERRED, "action_time" datetime NOT NULL);
INSERT INTO django_admin_log VALUES(1,'1','Thomas Fuchs',1,'[{"added": {}}]',7,1,'2026-02-04 15:26:10.820850');
INSERT INTO django_admin_log VALUES(2,'1','BHG14 (St. Andrä-Wördern)',1,'[{"added": {}}]',9,1,'2026-02-04 15:27:22.892061');
INSERT INTO django_admin_log VALUES(3,'2','Martina Fuchs',1,'[{"added": {}}, {"added": {"name": "Eigentumsanteil", "object": "Martina Fuchs \u00b7 BHG14 (St. Andr\u00e4-W\u00f6rdern)"}}]',7,1,'2026-02-04 15:28:08.543155');
INSERT INTO django_admin_log VALUES(4,'1','BHG14_1 (BHG14)',1,'[{"added": {}}]',10,1,'2026-02-04 15:39:21.918067');
INSERT INTO django_admin_log VALUES(5,'2','Thomas Fuchs · BHG141 (St. Andrä-Wördern)',1,'[{"added": {}}]',8,1,'2026-02-04 18:24:22.884867');
INSERT INTO django_admin_log VALUES(6,'1','Martina Fuchs · BHG141 (St. Andrä-Wördern)',2,'[{"changed": {"fields": ["Anteil (%)"]}}]',8,1,'2026-02-04 18:24:29.744142');
INSERT INTO django_admin_log VALUES(7,'1','BHG14_1 (BHG14) · 2024-06-01',2,'[{"changed": {"fields": ["Status"]}}]',13,1,'2026-02-05 09:52:36.902139');
CREATE TABLE IF NOT EXISTS "django_content_type" ("id" integer NOT NULL PRIMARY KEY AUTOINCREMENT, "app_label" varchar(100) NOT NULL, "model" varchar(100) NOT NULL);
INSERT INTO django_content_type VALUES(1,'admin','logentry');
INSERT INTO django_content_type VALUES(2,'auth','group');
INSERT INTO django_content_type VALUES(3,'auth','permission');
INSERT INTO django_content_type VALUES(4,'auth','user');
INSERT INTO django_content_type VALUES(5,'contenttypes','contenttype');
INSERT INTO django_content_type VALUES(6,'sessions','session');
INSERT INTO django_content_type VALUES(7,'webapp','owner');
INSERT INTO django_content_type VALUES(8,'webapp','ownership');
INSERT INTO django_content_type VALUES(9,'webapp','property');
INSERT INTO django_content_type VALUES(10,'webapp','unit');
INSERT INTO django_content_type VALUES(11,'webapp','manager');
INSERT INTO django_content_type VALUES(12,'webapp','tenant');
INSERT INTO django_content_type VALUES(13,'webapp','leaseagreement');
INSERT INTO django_content_type VALUES(14,'webapp','meter');
INSERT INTO django_content_type VALUES(15,'webapp','meterreading');
INSERT INTO django_content_type VALUES(16,'webapp','historicalleaseagreement');
INSERT INTO django_content_type VALUES(17,'webapp','historicalleaseagreement_tenants');
INSERT INTO django_content_type VALUES(18,'webapp','banktransaktion');
INSERT INTO django_content_type VALUES(19,'webapp','buchung');
INSERT INTO django_content_type VALUES(20,'webapp','historicalbuchung');
INSERT INTO django_content_type VALUES(21,'webapp','betriebskostenbeleg');
INSERT INTO django_content_type VALUES(22,'webapp','datei');
INSERT INTO django_content_type VALUES(23,'webapp','dateizuordnung');
INSERT INTO django_content_type VALUES(24,'webapp','dateioperationlog');
CREATE TABLE IF NOT EXISTS "auth_permission" ("id" integer NOT NULL PRIMARY KEY AUTOINCREMENT, "content_type_id" integer NOT NULL REFERENCES "django_content_type" ("id") DEFERRABLE INITIALLY DEFERRED, "codename" varchar(100) NOT NULL, "name" varchar(255) NOT NULL);
INSERT INTO auth_permission VALUES(1,1,'add_logentry','Can add log entry');
INSERT INTO auth_permission VALUES(2,1,'change_logentry','Can change log entry');
INSERT INTO auth_permission VALUES(3,1,'delete_logentry','Can delete log entry');
INSERT INTO auth_permission VALUES(4,1,'view_logentry','Can view log entry');
INSERT INTO auth_permission VALUES(5,3,'add_permission','Can add permission');
INSERT INTO auth_permission VALUES(6,3,'change_permission','Can change permission');
INSERT INTO auth_permission VALUES(7,3,'delete_permission','Can delete permission');
INSERT INTO auth_permission VALUES(8,3,'view_permission','Can view permission');
INSERT INTO auth_permission VALUES(9,2,'add_group','Can add group');
INSERT INTO auth_permission VALUES(10,2,'change_group','Can change group');
INSERT INTO auth_permission VALUES(11,2,'delete_group','Can delete group');
INSERT INTO auth_permission VALUES(12,2,'view_group','Can view group');
INSERT INTO auth_permission VALUES(13,4,'add_user','Can add user');
INSERT INTO auth_permission VALUES(14,4,'change_user','Can change user');
INSERT INTO auth_permission VALUES(15,4,'delete_user','Can delete user');
INSERT INTO auth_permission VALUES(16,4,'view_user','Can view user');
INSERT INTO auth_permission VALUES(17,5,'add_contenttype','Can add content type');
INSERT INTO auth_permission VALUES(18,5,'change_contenttype','Can change content type');
INSERT INTO auth_permission VALUES(19,5,'delete_contenttype','Can delete content type');
INSERT INTO auth_permission VALUES(20,5,'view_contenttype','Can view content type');
INSERT INTO auth_permission VALUES(21,6,'add_session','Can add session');
INSERT INTO auth_permission VALUES(22,6,'change_session','Can change session');
INSERT INTO auth_permission VALUES(23,6,'delete_session','Can delete session');
INSERT INTO auth_permission VALUES(24,6,'view_session','Can view session');
INSERT INTO auth_permission VALUES(25,10,'add_unit','Can add Einheit');
INSERT INTO auth_permission VALUES(26,10,'change_unit','Can change Einheit');
INSERT INTO auth_permission VALUES(27,10,'delete_unit','Can delete Einheit');
INSERT INTO auth_permission VALUES(28,10,'view_unit','Can view Einheit');
INSERT INTO auth_permission VALUES(29,9,'add_property','Can add Liegenschaft');
INSERT INTO auth_permission VALUES(30,9,'change_property','Can change Liegenschaft');
INSERT INTO auth_permission VALUES(31,9,'delete_property','Can delete Liegenschaft');
INSERT INTO auth_permission VALUES(32,9,'view_property','Can view Liegenschaft');
INSERT INTO auth_permission VALUES(33,7,'add_owner','Can add Eigentümer');
INSERT INTO auth_permission VALUES(34,7,'change_owner','Can change Eigentümer');
INSERT INTO auth_permission VALUES(35,7,'delete_owner','Can delete Eigentümer');
INSERT INTO auth_permission VALUES(36,7,'view_owner','Can view Eigentümer');
INSERT INTO auth_permission VALUES(37,8,'add_ownership','Can add Eigentumsanteil');
INSERT INTO auth_permission VALUES(38,8,'change_ownership','Can change Eigentumsanteil');
INSERT INTO auth_permission VALUES(39,8,'delete_ownership','Can delete Eigentumsanteil');
INSERT INTO auth_permission VALUES(40,8,'view_ownership','Can view Eigentumsanteil');
INSERT INTO auth_permission VALUES(41,11,'add_manager','Can add Verwalter');
INSERT INTO auth_permission VALUES(42,11,'change_manager','Can change Verwalter');
INSERT INTO auth_permission VALUES(43,11,'delete_manager','Can delete Verwalter');
INSERT INTO auth_permission VALUES(44,11,'view_manager','Can view Verwalter');
INSERT INTO auth_permission VALUES(45,12,'add_tenant','Can add Mieter');
INSERT INTO auth_permission VALUES(46,12,'change_tenant','Can change Mieter');
INSERT INTO auth_permission VALUES(47,12,'delete_tenant','Can delete Mieter');
INSERT INTO auth_permission VALUES(48,12,'view_tenant','Can view Mieter');
INSERT INTO auth_permission VALUES(49,13,'add_leaseagreement','Can add Mietvertrag');
INSERT INTO auth_permission VALUES(50,13,'change_leaseagreement','Can change Mietvertrag');
INSERT INTO auth_permission VALUES(51,13,'delete_leaseagreement','Can delete Mietvertrag');
INSERT INTO auth_permission VALUES(52,13,'view_leaseagreement','Can view Mietvertrag');
INSERT INTO auth_permission VALUES(53,14,'add_meter','Can add Zähler');
INSERT INTO auth_permission VALUES(54,14,'change_meter','Can change Zähler');
INSERT INTO auth_permission VALUES(55,14,'delete_meter','Can delete Zähler');
INSERT INTO auth_permission VALUES(56,14,'view_meter','Can view Zähler');
INSERT INTO auth_permission VALUES(57,15,'add_meterreading','Can add Zählerstand');
INSERT INTO auth_permission VALUES(58,15,'change_meterreading','Can change Zählerstand');
INSERT INTO auth_permission VALUES(59,15,'delete_meterreading','Can delete Zählerstand');
INSERT INTO auth_permission VALUES(60,15,'view_meterreading','Can view Zählerstand');
INSERT INTO auth_permission VALUES(61,16,'add_historicalleaseagreement','Can add historical Mietvertrag');
INSERT INTO auth_permission VALUES(62,16,'change_historicalleaseagreement','Can change historical Mietvertrag');
INSERT INTO auth_permission VALUES(63,16,'delete_historicalleaseagreement','Can delete historical Mietvertrag');
INSERT INTO auth_permission VALUES(64,16,'view_historicalleaseagreement','Can view historical Mietvertrag');
INSERT INTO auth_permission VALUES(65,17,'add_historicalleaseagreement_tenants','Can add HistoricalLeaseAgreement_tenants');
INSERT INTO auth_permission VALUES(66,17,'change_historicalleaseagreement_tenants','Can change HistoricalLeaseAgreement_tenants');
INSERT INTO auth_permission VALUES(67,17,'delete_historicalleaseagreement_tenants','Can delete HistoricalLeaseAgreement_tenants');
INSERT INTO auth_permission VALUES(68,17,'view_historicalleaseagreement_tenants','Can view HistoricalLeaseAgreement_tenants');
INSERT INTO auth_permission VALUES(69,18,'add_banktransaktion','Can add Banktransaktion');
INSERT INTO auth_permission VALUES(70,18,'change_banktransaktion','Can change Banktransaktion');
INSERT INTO auth_permission VALUES(71,18,'delete_banktransaktion','Can delete Banktransaktion');
INSERT INTO auth_permission VALUES(72,18,'view_banktransaktion','Can view Banktransaktion');
INSERT INTO auth_permission VALUES(73,19,'add_buchung','Can add Buchung');
INSERT INTO auth_permission VALUES(74,19,'change_buchung','Can change Buchung');
INSERT INTO auth_permission VALUES(75,19,'delete_buchung','Can delete Buchung');
INSERT INTO auth_permission VALUES(76,19,'view_buchung','Can view Buchung');
INSERT INTO auth_permission VALUES(77,20,'add_historicalbuchung','Can add historical Buchung');
INSERT INTO auth_permission VALUES(78,20,'change_historicalbuchung','Can change historical Buchung');
INSERT INTO auth_permission VALUES(79,20,'delete_historicalbuchung','Can delete historical Buchung');
INSERT INTO auth_permission VALUES(80,20,'view_historicalbuchung','Can view historical Buchung');
INSERT INTO auth_permission VALUES(81,21,'add_betriebskostenbeleg','Can add Betriebskostenbeleg');
INSERT INTO auth_permission VALUES(82,21,'change_betriebskostenbeleg','Can change Betriebskostenbeleg');
INSERT INTO auth_permission VALUES(83,21,'delete_betriebskostenbeleg','Can delete Betriebskostenbeleg');
INSERT INTO auth_permission VALUES(84,21,'view_betriebskostenbeleg','Can view Betriebskostenbeleg');
INSERT INTO auth_permission VALUES(85,22,'add_datei','Can add Datei');
INSERT INTO auth_permission VALUES(86,22,'change_datei','Can change Datei');
INSERT INTO auth_permission VALUES(87,22,'delete_datei','Can delete Datei');
INSERT INTO auth_permission VALUES(88,22,'view_datei','Can view Datei');
INSERT INTO auth_permission VALUES(89,23,'add_dateizuordnung','Can add Datei-Zuordnung');
INSERT INTO auth_permission VALUES(90,23,'change_dateizuordnung','Can change Datei-Zuordnung');
INSERT INTO auth_permission VALUES(91,23,'delete_dateizuordnung','Can delete Datei-Zuordnung');
INSERT INTO auth_permission VALUES(92,23,'view_dateizuordnung','Can view Datei-Zuordnung');
INSERT INTO auth_permission VALUES(93,24,'add_dateioperationlog','Can add Datei-Operation');
INSERT INTO auth_permission VALUES(94,24,'change_dateioperationlog','Can change Datei-Operation');
INSERT INTO auth_permission VALUES(95,24,'delete_dateioperationlog','Can delete Datei-Operation');
INSERT INTO auth_permission VALUES(96,24,'view_dateioperationlog','Can view Datei-Operation');
CREATE TABLE IF NOT EXISTS "auth_group" ("id" integer NOT NULL PRIMARY KEY AUTOINCREMENT, "name" varchar(150) NOT NULL UNIQUE);
CREATE TABLE IF NOT EXISTS "auth_user" ("id" integer NOT NULL PRIMARY KEY AUTOINCREMENT, "password" varchar(128) NOT NULL, "last_login" datetime NULL, "is_superuser" bool NOT NULL, "username" varchar(150) NOT NULL UNIQUE, "last_name" varchar(150) NOT NULL, "email" varchar(254) NOT NULL, "is_staff" bool NOT NULL, "is_active" bool NOT NULL, "date_joined" datetime NOT NULL, "first_name" varchar(150) NOT NULL);
INSERT INTO auth_user VALUES(1,'pbkdf2_sha256$1200000$oCZGmmYRivETLR0nOIjEYx$xvR8AnTd7jqe2HLEjXgShzD3BjPg7+ki0EkljWXatDM=','2026-02-04 14:36:06.685201',1,'quintus','','fuchst@gmail.com',1,1,'2026-02-04 14:35:49.682554','');
CREATE TABLE IF NOT EXISTS "django_session" ("session_key" varchar(40) NOT NULL PRIMARY KEY, "session_data" text NOT NULL, "expire_date" datetime NOT NULL);
INSERT INTO django_session VALUES('eveuj2afuz14fc73fg2gdqu7bghza057','e30:1vp7DR:G3NIWXKwbcjLQl5fz3mdiFsgMBrVF-E6tuS3mcz72ps','2026-02-22 16:00:53.549573');
CREATE TABLE IF NOT EXISTS "webapp_ownership" ("id" integer NOT NULL PRIMARY KEY AUTOINCREMENT, "share_percent" decimal NOT NULL, "owner_id" bigint NOT NULL REFERENCES "webapp_owner" ("id") DEFERRABLE INITIALLY DEFERRED, "property_id" bigint NOT NULL REFERENCES "webapp_property" ("id") DEFERRABLE INITIALLY DEFERRED);
INSERT INTO webapp_ownership VALUES(1,100,2,1);
INSERT INTO webapp_ownership VALUES(3,100,1,4);
INSERT INTO webapp_ownership VALUES(4,50,1,5);
INSERT INTO webapp_ownership VALUES(5,50,2,5);
INSERT INTO webapp_ownership VALUES(6,50,1,6);
INSERT INTO webapp_ownership VALUES(7,50,2,6);
CREATE TABLE IF NOT EXISTS "webapp_property" ("id" integer NOT NULL PRIMARY KEY AUTOINCREMENT, "name" varchar(255) NOT NULL, "zip_code" varchar(20) NOT NULL, "city" varchar(100) NOT NULL, "street_address" varchar(255) NOT NULL, "heating_share_percent" decimal NOT NULL, "notes" text NOT NULL, "manager_id" bigint NULL REFERENCES "webapp_manager" ("id") DEFERRABLE INITIALLY DEFERRED);
INSERT INTO webapp_property VALUES(1,'BHG14','3423','St. Andrä-Wördern','Bahngasse 14',85,'Gebaut von den Martinas Großeltern. Umgebaut und vermietet von uns.',1);
INSERT INTO webapp_property VALUES(4,'LEH26','3423','St. Andrä-Wördern','Lehnergasse 2/6',85,'',1);
INSERT INTO webapp_property VALUES(5,'LEH25','3423','St. Andrä-Wördern','Lehnergasse 2/5',85,'Erste Wohnung in Lehnergasse. Ist nicht in Immo-Fuchs KG sondern als Eigentümer Gemeinschaft.',2);
INSERT INTO webapp_property VALUES(6,'MHS69','1120','Wien','Meidlinger Hauptstrasse 69',85,'Voin Petra Auenheimer gekauft, 100k von Timi Oma erhalten, wird voraussichtlich an Eric weitergegeben.',1);
CREATE TABLE IF NOT EXISTS "webapp_owner" ("id" integer NOT NULL PRIMARY KEY AUTOINCREMENT, "name" varchar(255) NOT NULL, "email" varchar(254) NOT NULL, "phone" varchar(50) NOT NULL, "city" varchar(100) NOT NULL, "iban" varchar(34) NOT NULL, "notes" text NOT NULL, "street_address" varchar(255) NOT NULL, "zip_code" varchar(20) NOT NULL);
INSERT INTO webapp_owner VALUES(1,'Thomas Fuchs','fuchst@gmail.com','+4368120258057','St. Andrä-Wördern','AT32 2011 1226 1125 2100','','Föhrengasse 35','3423');
INSERT INTO webapp_owner VALUES(2,'Martina Fuchs','martinafuchs1978@gmail.com','+436642404035','St. Andrä-Wördern','','','Föhrengasse 35','3423');
CREATE TABLE IF NOT EXISTS "webapp_manager" ("id" integer NOT NULL PRIMARY KEY AUTOINCREMENT, "company_name" varchar(255) NOT NULL, "contact_person" varchar(255) NOT NULL, "email" varchar(254) NOT NULL, "website" varchar(200) NOT NULL, "tax_mode" varchar(10) NOT NULL, "phone" varchar(50) NOT NULL);
INSERT INTO webapp_manager VALUES(1,'Immo-Fuchs KG','Martina Fuchs','office@immo-fuchs.at','http://www.immo-fuchs.at','netto','+436642404035');
INSERT INTO webapp_manager VALUES(2,'Fuchs MEG','Martina Fuchs','martinafuchs1978@gmail.com','','brutto','+436642404035');
CREATE TABLE IF NOT EXISTS "webapp_tenant" ("id" integer NOT NULL PRIMARY KEY AUTOINCREMENT, "salutation" varchar(20) NOT NULL, "first_name" varchar(100) NOT NULL, "last_name" varchar(100) NOT NULL, "date_of_birth" date NULL, "email" varchar(254) NOT NULL, "phone" varchar(50) NOT NULL, "iban" varchar(34) NOT NULL, "notes" text NOT NULL);
INSERT INTO webapp_tenant VALUES(1,'frau','Frieda','Fuchs','1958-06-01','frieda.fuchs@gmail.com','+4369981623430','AT792011122612019300','Hausbesorgerin');
INSERT INTO webapp_tenant VALUES(2,'frau','Anna','Bondar','1983-04-16','bondar.anna@icloud.com','+436609637501','AT472011184580265400','');
INSERT INTO webapp_tenant VALUES(3,'herr','Bogdan','Bondar','1983-10-03','','','','');
INSERT INTO webapp_tenant VALUES(4,'herr','Israfil','Demirez','1978-05-04','','','','');
INSERT INTO webapp_tenant VALUES(5,'frau','Brigitte','Grainer','1954-06-15','brigittegreiner54@gmail.com','+436648602325','AT313288000007005994','');
INSERT INTO webapp_tenant VALUES(6,'frau','Tamara','Pieringer','0003-06-28','tamarapieringer@icloud.com','+4367762920290','AT824300000005702303','');
INSERT INTO webapp_tenant VALUES(7,'frau','Katharina','Reicher','1978-10-30','skorpion325@hotmail.com','+436604083760','AT501200010013537708','');
INSERT INTO webapp_tenant VALUES(8,'frau','Petra','Steinkogler','1991-03-13','petra.steinkogler@posteo.de','+436801434942','AT343438000006222343','');
INSERT INTO webapp_tenant VALUES(9,'frau','Jerica','Steklasa','1992-03-16','jerica.steklasa@gmail.com','','AT362011129711349000','');
INSERT INTO webapp_tenant VALUES(10,'herr','Macpherson','Ugochukwu Chikwereuba','1991-12-22','','','','');
CREATE TABLE IF NOT EXISTS "webapp_meterreading" ("id" integer NOT NULL PRIMARY KEY AUTOINCREMENT, "date" date NOT NULL, "value" decimal NOT NULL, "note" text NULL, "meter_id" bigint NOT NULL REFERENCES "webapp_meter" ("id") DEFERRABLE INITIALLY DEFERRED);
INSERT INTO webapp_meterreading VALUES(3,'2024-12-31',401.420000000000015,NULL,26);
INSERT INTO webapp_meterreading VALUES(4,'2025-12-31',8368.70000000000072,NULL,26);
INSERT INTO webapp_meterreading VALUES(5,'2025-12-31',10359.5,NULL,25);
INSERT INTO webapp_meterreading VALUES(6,'2024-01-01',1107.67900000000008,NULL,25);
INSERT INTO webapp_meterreading VALUES(7,'2024-01-01',1509.0999999999999,NULL,24);
INSERT INTO webapp_meterreading VALUES(8,'2025-12-31',3916.69999999999981,NULL,24);
INSERT INTO webapp_meterreading VALUES(9,'2024-06-30',93.3689999999999997,NULL,23);
INSERT INTO webapp_meterreading VALUES(10,'2024-12-31',256.685000000000002,NULL,23);
INSERT INTO webapp_meterreading VALUES(11,'2025-07-01',419.021000000000015,NULL,23);
INSERT INTO webapp_meterreading VALUES(12,'2025-08-13',459.531000000000005,NULL,23);
INSERT INTO webapp_meterreading VALUES(13,'2025-12-31',603.950000000000045,NULL,23);
INSERT INTO webapp_meterreading VALUES(14,'2024-06-30',1.80000000000000004,NULL,22);
INSERT INTO webapp_meterreading VALUES(15,'2024-12-31',192.800000000000011,NULL,22);
INSERT INTO webapp_meterreading VALUES(16,'2025-08-13',340.399999999999977,NULL,22);
INSERT INTO webapp_meterreading VALUES(17,'2025-12-31',357.699999999999988,NULL,22);
INSERT INTO webapp_meterreading VALUES(18,'2024-06-30',236.400000000000005,NULL,21);
INSERT INTO webapp_meterreading VALUES(19,'2024-12-31',1333,NULL,21);
INSERT INTO webapp_meterreading VALUES(20,'2025-08-13',2874.19999999999981,NULL,21);
INSERT INTO webapp_meterreading VALUES(21,'2025-12-31',3792.40000000000009,NULL,21);
INSERT INTO webapp_meterreading VALUES(22,'2024-06-30',8,NULL,20);
INSERT INTO webapp_meterreading VALUES(23,'2024-12-31',236.900000000000005,NULL,20);
INSERT INTO webapp_meterreading VALUES(24,'2025-08-13',361.300000000000011,NULL,20);
INSERT INTO webapp_meterreading VALUES(25,'2025-12-31',374.600000000000022,NULL,20);
INSERT INTO webapp_meterreading VALUES(26,'2024-06-30',273.899999999999977,NULL,19);
INSERT INTO webapp_meterreading VALUES(27,'2024-12-31',1408.40000000000009,NULL,19);
INSERT INTO webapp_meterreading VALUES(28,'2025-08-13',2770.80000000000018,NULL,19);
INSERT INTO webapp_meterreading VALUES(29,'2025-12-31',3935.0999999999999,NULL,19);
INSERT INTO webapp_meterreading VALUES(30,'2024-06-30',24,NULL,18);
INSERT INTO webapp_meterreading VALUES(31,'2024-12-31',238.900000000000005,NULL,18);
INSERT INTO webapp_meterreading VALUES(32,'2025-08-13',414,NULL,18);
INSERT INTO webapp_meterreading VALUES(33,'2025-12-31',438.300000000000011,NULL,18);
INSERT INTO webapp_meterreading VALUES(34,'2024-06-30',916.700000000000045,NULL,17);
INSERT INTO webapp_meterreading VALUES(35,'2024-12-31',2139,NULL,17);
INSERT INTO webapp_meterreading VALUES(36,'2025-08-13',3398,NULL,17);
INSERT INTO webapp_meterreading VALUES(37,'2025-12-31',4718.19999999999981,NULL,17);
INSERT INTO webapp_meterreading VALUES(38,'2024-06-30',2.5,NULL,16);
INSERT INTO webapp_meterreading VALUES(39,'2024-12-31',165,NULL,16);
INSERT INTO webapp_meterreading VALUES(40,'2025-08-13',262.100000000000022,NULL,16);
INSERT INTO webapp_meterreading VALUES(41,'2025-12-31',270.199999999999988,NULL,16);
INSERT INTO webapp_meterreading VALUES(42,'2024-06-30',772.200000000000045,NULL,15);
INSERT INTO webapp_meterreading VALUES(43,'2024-12-31',1933.90000000000009,NULL,15);
INSERT INTO webapp_meterreading VALUES(44,'2025-08-13',3945.80000000000018,NULL,15);
INSERT INTO webapp_meterreading VALUES(45,'2025-12-31',5237.89999999999963,NULL,15);
INSERT INTO webapp_meterreading VALUES(46,'2024-06-30',9722.78000000000065,NULL,13);
INSERT INTO webapp_meterreading VALUES(47,'2024-12-31',11905.7039999999997,NULL,13);
INSERT INTO webapp_meterreading VALUES(48,'2025-08-13',14076,NULL,13);
INSERT INTO webapp_meterreading VALUES(49,'2025-12-31',15866.7900000000008,NULL,13);
INSERT INTO webapp_meterreading VALUES(50,'2024-06-30',0.270000000000000017,NULL,8);
INSERT INTO webapp_meterreading VALUES(51,'2024-12-31',7.87199999999999988,NULL,8);
INSERT INTO webapp_meterreading VALUES(52,'2025-08-13',16.8900000000000005,NULL,8);
INSERT INTO webapp_meterreading VALUES(53,'2025-12-31',22.6610000000000013,NULL,8);
INSERT INTO webapp_meterreading VALUES(54,'2024-06-30',0.379000000000000003,NULL,7);
INSERT INTO webapp_meterreading VALUES(55,'2024-12-31',16.7839999999999989,NULL,7);
INSERT INTO webapp_meterreading VALUES(56,'2025-08-13',36.277000000000001,NULL,7);
INSERT INTO webapp_meterreading VALUES(57,'2025-12-31',49.0609999999999999,NULL,7);
INSERT INTO webapp_meterreading VALUES(58,'2024-06-30',0.771000000000000018,NULL,6);
INSERT INTO webapp_meterreading VALUES(59,'2024-12-31',6.82000000000000028,NULL,6);
INSERT INTO webapp_meterreading VALUES(60,'2025-08-13',17.3590000000000017,NULL,6);
INSERT INTO webapp_meterreading VALUES(61,'2025-12-31',24.7989999999999994,NULL,6);
INSERT INTO webapp_meterreading VALUES(62,'2024-06-30',3.01600000000000001,NULL,5);
INSERT INTO webapp_meterreading VALUES(63,'2024-12-31',31.8999999999999985,NULL,5);
INSERT INTO webapp_meterreading VALUES(64,'2025-08-13',64.7999999999999971,NULL,5);
INSERT INTO webapp_meterreading VALUES(65,'2025-12-31',86.5949999999999988,NULL,5);
INSERT INTO webapp_meterreading VALUES(66,'2024-06-30',0.397000000000000019,NULL,4);
INSERT INTO webapp_meterreading VALUES(67,'2024-12-31',38.1090000000000017,NULL,4);
INSERT INTO webapp_meterreading VALUES(68,'2025-08-13',89.5100000000000051,NULL,4);
INSERT INTO webapp_meterreading VALUES(69,'2025-12-31',129.014999999999986,NULL,4);
INSERT INTO webapp_meterreading VALUES(70,'2024-06-30',1.07299999999999995,NULL,3);
INSERT INTO webapp_meterreading VALUES(71,'2024-12-31',50.9010000000000033,NULL,3);
INSERT INTO webapp_meterreading VALUES(72,'2025-08-13',108.444999999999993,NULL,3);
INSERT INTO webapp_meterreading VALUES(73,'2025-12-31',151.737999999999999,NULL,3);
INSERT INTO webapp_meterreading VALUES(74,'2024-06-30',0.995999999999999996,NULL,2);
INSERT INTO webapp_meterreading VALUES(75,'2024-12-31',3.18299999999999982,NULL,2);
INSERT INTO webapp_meterreading VALUES(76,'2025-08-13',6.28500000000000014,NULL,2);
INSERT INTO webapp_meterreading VALUES(77,'2025-12-31',7.54399999999999959,NULL,2);
INSERT INTO webapp_meterreading VALUES(78,'2024-06-30',2.3700000000000001,NULL,1);
INSERT INTO webapp_meterreading VALUES(79,'2024-12-31',10.391,NULL,1);
INSERT INTO webapp_meterreading VALUES(80,'2025-08-13',21.5330000000000012,NULL,1);
INSERT INTO webapp_meterreading VALUES(81,'2025-12-31',28.5380000000000002,NULL,1);
CREATE TABLE IF NOT EXISTS "webapp_unit" ("id" integer NOT NULL PRIMARY KEY AUTOINCREMENT, "unit_type" varchar(20) NOT NULL, "door_number" varchar(50) NOT NULL, "name" varchar(255) NOT NULL, "usable_area" decimal NULL, "property_id" bigint NOT NULL REFERENCES "webapp_property" ("id") DEFERRABLE INITIALLY DEFERRED, "operating_cost_share" decimal NULL);
INSERT INTO webapp_unit VALUES(1,'apartment','1','BHG14_1',55.259999999999998,1,20.9899999999999984);
INSERT INTO webapp_unit VALUES(2,'apartment','2','BHG14_2',77.4300000000000068,1,28.2699999999999995);
INSERT INTO webapp_unit VALUES(3,'apartment','3','BHG14_3',76.4300000000000068,1,28.2600000000000015);
INSERT INTO webapp_unit VALUES(4,'apartment','4','BHG14_4',54.4799999999999968,1,22.4800000000000004);
INSERT INTO webapp_unit VALUES(5,'apartment','5','LEH265',75,4,100);
INSERT INTO webapp_unit VALUES(6,'apartment','11','LEH2511',77.1099999999999994,5,100);
INSERT INTO webapp_unit VALUES(7,'apartment','5','MHS695',51.7700000000000031,6,100);
INSERT INTO webapp_unit VALUES(8,'parking','SP1','BHG14_SP1',NULL,1,NULL);
INSERT INTO webapp_unit VALUES(9,'parking','SP2','BHG14_SP2',NULL,1,NULL);
INSERT INTO webapp_unit VALUES(10,'parking','SP3','BHG14_SP3',NULL,1,NULL);
INSERT INTO webapp_unit VALUES(11,'parking','SP4','BHG14_SP4',NULL,1,NULL);
INSERT INTO webapp_unit VALUES(12,'parking','SP5','BHG14_SP5',NULL,1,NULL);
INSERT INTO webapp_unit VALUES(13,'parking','SP6','BHG14_SP6',NULL,1,NULL);
CREATE TABLE IF NOT EXISTS "webapp_leaseagreement_tenants" ("id" integer NOT NULL PRIMARY KEY AUTOINCREMENT, "leaseagreement_id" bigint NOT NULL REFERENCES "webapp_leaseagreement" ("id") DEFERRABLE INITIALLY DEFERRED, "tenant_id" bigint NOT NULL REFERENCES "webapp_tenant" ("id") DEFERRABLE INITIALLY DEFERRED);
INSERT INTO webapp_leaseagreement_tenants VALUES(1,1,1);
INSERT INTO webapp_leaseagreement_tenants VALUES(2,2,2);
INSERT INTO webapp_leaseagreement_tenants VALUES(3,3,6);
INSERT INTO webapp_leaseagreement_tenants VALUES(4,4,8);
INSERT INTO webapp_leaseagreement_tenants VALUES(5,2,3);
INSERT INTO webapp_leaseagreement_tenants VALUES(6,3,5);
INSERT INTO webapp_leaseagreement_tenants VALUES(7,5,7);
INSERT INTO webapp_leaseagreement_tenants VALUES(8,6,4);
INSERT INTO webapp_leaseagreement_tenants VALUES(9,7,9);
INSERT INTO webapp_leaseagreement_tenants VALUES(10,7,10);
INSERT INTO webapp_leaseagreement_tenants VALUES(11,8,5);
INSERT INTO webapp_leaseagreement_tenants VALUES(12,8,6);
INSERT INTO webapp_leaseagreement_tenants VALUES(13,9,2);
INSERT INTO webapp_leaseagreement_tenants VALUES(14,9,3);
INSERT INTO webapp_leaseagreement_tenants VALUES(15,10,2);
INSERT INTO webapp_leaseagreement_tenants VALUES(16,10,3);
CREATE TABLE IF NOT EXISTS "webapp_leaseagreement" ("id" integer NOT NULL PRIMARY KEY AUTOINCREMENT, "entry_date" date NOT NULL, "exit_date" date NULL, "index_type" varchar(10) NOT NULL, "last_index_adjustment" date NULL, "index_base_value" decimal NULL, "net_rent" decimal NOT NULL, "operating_costs_net" decimal NOT NULL, "heating_costs_net" decimal NOT NULL, "deposit" decimal NOT NULL, "manager_id" bigint NULL REFERENCES "webapp_manager" ("id") DEFERRABLE INITIALLY DEFERRED, "unit_id" bigint NOT NULL REFERENCES "webapp_unit" ("id") DEFERRABLE INITIALLY DEFERRED, "status" varchar(10) NOT NULL);
INSERT INTO webapp_leaseagreement VALUES(1,'2024-06-01','2029-06-01','vpi','2025-03-01',123.799999999999997,0,130.919999999999987,20.9899999999999984,0,1,1,'aktiv');
INSERT INTO webapp_leaseagreement VALUES(2,'2024-06-01','2029-05-30','vpi','2025-03-01',123.799999999999997,764.539999999999963,176.360000000000013,28.2699999999999995,3140,1,2,'aktiv');
INSERT INTO webapp_leaseagreement VALUES(3,'2024-06-01','2029-05-30','vpi','2025-03-01',123.799999999999997,764.25999999999999,176.289999999999992,28.2600000000000015,3140,1,3,'aktiv');
INSERT INTO webapp_leaseagreement VALUES(4,'2024-06-01','2029-05-30','vpi','2025-03-01',123.799999999999997,608.059999999999945,140.240000000000009,22.4800000000000004,2500,1,4,'aktiv');
INSERT INTO webapp_leaseagreement VALUES(5,'2024-09-01','2027-08-31','vpi','2025-09-01',123.799999999999997,600.110000000000013,216.819999999999993,0,2640,1,5,'aktiv');
INSERT INTO webapp_leaseagreement VALUES(6,'2019-11-01','2028-08-31','fix','2026-01-01',1.5,571.220000000000027,233.900000000000005,0,2880,2,6,'aktiv');
INSERT INTO webapp_leaseagreement VALUES(7,'2024-02-01','2027-01-31','vpi','2027-01-01',123.799999999999997,363.689999999999997,207.25,70,2100,1,7,'aktiv');
INSERT INTO webapp_leaseagreement VALUES(8,'2024-06-01','2027-05-30','vpi','2025-03-01',123.799999999999997,34.9900000000000019,0,0,125,1,9,'aktiv');
INSERT INTO webapp_leaseagreement VALUES(9,'2024-06-01','2029-05-30','vpi','2025-03-01',123.799999999999997,34.9900000000000019,0,0,125,1,12,'aktiv');
INSERT INTO webapp_leaseagreement VALUES(10,'2024-06-01','2029-05-30','vpi','2025-03-01',123.799999999999997,34.9900000000000019,0,0,125,1,13,'aktiv');
CREATE TABLE IF NOT EXISTS "webapp_meter" ("id" integer NOT NULL PRIMARY KEY AUTOINCREMENT, "meter_number" varchar(50) NULL, "meter_type" varchar(30) NOT NULL, "kind" varchar(20) NOT NULL, "is_main_meter" bool NOT NULL, "description" text NULL, "property_id" bigint NOT NULL REFERENCES "webapp_property" ("id") DEFERRABLE INITIALLY DEFERRED, "unit_id" bigint NULL REFERENCES "webapp_unit" ("id") DEFERRABLE INITIALLY DEFERRED, "unit_of_measure" varchar(10) NOT NULL);
INSERT INTO webapp_meter VALUES(1,'302835522','water_cold','reading',0,'',1,1,'m3');
INSERT INTO webapp_meter VALUES(2,'302815029','water_hot','reading',0,'',1,1,'m3');
INSERT INTO webapp_meter VALUES(3,'302835577','water_cold','reading',0,'',1,2,'m3');
INSERT INTO webapp_meter VALUES(4,'302815036','water_hot','reading',0,'',1,2,'m3');
INSERT INTO webapp_meter VALUES(5,'302835553','water_cold','reading',0,'',1,3,'m3');
INSERT INTO webapp_meter VALUES(6,'302815067','water_hot','reading',0,'',1,3,'m3');
INSERT INTO webapp_meter VALUES(7,'302835560','water_cold','reading',0,'',1,4,'kwh');
INSERT INTO webapp_meter VALUES(8,'302815050','water_hot','reading',0,'',1,4,'m3');
INSERT INTO webapp_meter VALUES(9,'181210320061','electricity','reading',0,'',1,1,'kwh');
INSERT INTO webapp_meter VALUES(10,'181210224687','electricity','reading',0,'',1,2,'kwh');
INSERT INTO webapp_meter VALUES(11,'181210224697','electricity','reading',0,'',1,3,'kwh');
INSERT INTO webapp_meter VALUES(12,'181210068081','electricity','reading',0,'',1,4,'kwh');
INSERT INTO webapp_meter VALUES(13,'178210307651','electricity','reading',1,'Zählpunktnummer: AT0020000000000000000000020709845',1,NULL,'kwh');
INSERT INTO webapp_meter VALUES(14,'178210307651','electricity_PV','reading',1,replace(replace('Zählpunktnummer: AT0020000000000000000000100450205\r\nPV-Einspeisung','\r',char(13)),'\n',char(10)),1,NULL,'kwh');
INSERT INTO webapp_meter VALUES(15,'5115-229001864','heat_energy','reading',0,'',1,1,'kwh');
INSERT INTO webapp_meter VALUES(16,'5115-229001864','cool_energy','reading',0,'',1,1,'kwh');
INSERT INTO webapp_meter VALUES(17,'51155-237006615','heat_energy','reading',0,'',1,2,'kwh');
INSERT INTO webapp_meter VALUES(18,'51155-237006615','cool_energy','reading',0,'',1,2,'kwh');
INSERT INTO webapp_meter VALUES(19,'51155-324051771','heat_energy','reading',0,'',1,3,'kwh');
INSERT INTO webapp_meter VALUES(20,'51155-324051771','cool_energy','reading',0,'',1,3,'kwh');
INSERT INTO webapp_meter VALUES(21,'5115-229001826','heat_energy','reading',0,'',1,4,'kwh');
INSERT INTO webapp_meter VALUES(22,'5115-229001826','cool_energy','reading',0,'',1,4,'kwh');
INSERT INTO webapp_meter VALUES(23,'21166067','water_cold','reading',1,'',1,NULL,'kwh');
INSERT INTO webapp_meter VALUES(24,'WP Eingang Stromverbrauch','WP_electricity','consumption',1,'',1,NULL,'kwh');
INSERT INTO webapp_meter VALUES(25,'WP Ausgang Heizung','WP_heat','consumption',1,'',1,NULL,'kwh');
INSERT INTO webapp_meter VALUES(26,'WP Ausgang Warmwasser','WP_warmwater','consumption',1,'',1,NULL,'kwh');
CREATE TABLE IF NOT EXISTS "webapp_historicalleaseagreement" ("id" bigint NOT NULL, "entry_date" date NOT NULL, "exit_date" date NULL, "index_type" varchar(10) NOT NULL, "last_index_adjustment" date NULL, "index_base_value" decimal NULL, "net_rent" decimal NOT NULL, "operating_costs_net" decimal NOT NULL, "heating_costs_net" decimal NOT NULL, "deposit" decimal NOT NULL, "status" varchar(10) NOT NULL, "history_id" integer NOT NULL PRIMARY KEY AUTOINCREMENT, "history_date" datetime NOT NULL, "history_change_reason" varchar(100) NULL, "history_type" varchar(1) NOT NULL, "manager_id" bigint NULL, "unit_id" bigint NULL, "history_user_id" integer NULL REFERENCES "auth_user" ("id") DEFERRABLE INITIALLY DEFERRED);
INSERT INTO webapp_historicalleaseagreement VALUES(1,'2024-06-01','2029-06-01','vpi','2025-03-01',123.799999999999997,0,130.919999999999987,20.9899999999999984,0,'aktiv',1,'2026-02-06 16:06:57.607016','Initialer Stand','~',1,1,NULL);
INSERT INTO webapp_historicalleaseagreement VALUES(2,'2024-06-01','2029-05-30','vpi','2025-03-01',123.799999999999997,764.539999999999963,176.360000000000013,28.2699999999999995,3140,'aktiv',2,'2026-02-06 16:06:57.631581','Initialer Stand','~',1,2,NULL);
INSERT INTO webapp_historicalleaseagreement VALUES(3,'2024-06-01','2029-05-30','vpi','2025-03-01',123.799999999999997,764.25999999999999,176.289999999999992,28.2600000000000015,3140,'aktiv',3,'2026-02-06 16:06:57.654332','Initialer Stand','~',1,3,NULL);
INSERT INTO webapp_historicalleaseagreement VALUES(4,'2024-06-01','2029-05-30','vpi','2025-03-01',123.799999999999997,608.059999999999945,140.240000000000009,22.4800000000000004,2500,'aktiv',4,'2026-02-06 16:06:57.687886','Initialer Stand','~',1,4,NULL);
INSERT INTO webapp_historicalleaseagreement VALUES(5,'2024-09-01','2027-08-31','vpi','2025-09-01',123.799999999999997,600.110000000000013,216.819999999999993,0,2640,'aktiv',5,'2026-02-06 16:06:57.713656','Initialer Stand','~',1,5,NULL);
INSERT INTO webapp_historicalleaseagreement VALUES(6,'2019-11-01','2028-08-31','fix','2026-01-01',1.5,571.220000000000027,233.900000000000005,0,2880,'aktiv',6,'2026-02-06 16:06:57.735354','Initialer Stand','~',2,6,NULL);
INSERT INTO webapp_historicalleaseagreement VALUES(7,'2024-02-01','2027-01-31','vpi','2027-01-01',123.799999999999997,363.689999999999997,207.25,70,2100,'aktiv',7,'2026-02-06 16:06:57.761409','Initialer Stand','~',1,7,NULL);
INSERT INTO webapp_historicalleaseagreement VALUES(8,'2024-06-01','2027-05-30','vpi','2025-03-01',123.799999999999997,34.9900000000000019,0,0,125,'aktiv',8,'2026-02-06 16:06:57.785467','Initialer Stand','~',1,9,NULL);
INSERT INTO webapp_historicalleaseagreement VALUES(9,'2024-06-01','2029-05-30','vpi','2025-03-01',123.799999999999997,34.9900000000000019,0,0,125,'aktiv',9,'2026-02-06 16:06:57.809783','Initialer Stand','~',1,12,NULL);
INSERT INTO webapp_historicalleaseagreement VALUES(10,'2024-06-01','2029-05-30','vpi','2025-03-01',123.799999999999997,34.9900000000000019,0,0,125,'aktiv',10,'2026-02-06 16:06:57.834141','Initialer Stand','~',1,13,NULL);
CREATE TABLE IF NOT EXISTS "webapp_historicalleaseagreement_tenants" ("id" bigint NOT NULL, "leaseagreement_id" bigint NULL, "m2m_history_id" integer NOT NULL PRIMARY KEY AUTOINCREMENT, "history_id" integer NOT NULL, "tenant_id" bigint NULL);
INSERT INTO webapp_historicalleaseagreement_tenants VALUES(1,1,1,1,1);
INSERT INTO webapp_historicalleaseagreement_tenants VALUES(2,2,2,2,2);
INSERT INTO webapp_historicalleaseagreement_tenants VALUES(5,2,3,2,3);
INSERT INTO webapp_historicalleaseagreement_tenants VALUES(6,3,4,3,5);
INSERT INTO webapp_historicalleaseagreement_tenants VALUES(3,3,5,3,6);
INSERT INTO webapp_historicalleaseagreement_tenants VALUES(4,4,6,4,8);
INSERT INTO webapp_historicalleaseagreement_tenants VALUES(7,5,7,5,7);
INSERT INTO webapp_historicalleaseagreement_tenants VALUES(8,6,8,6,4);
INSERT INTO webapp_historicalleaseagreement_tenants VALUES(9,7,9,7,9);
INSERT INTO webapp_historicalleaseagreement_tenants VALUES(10,7,10,7,10);
INSERT INTO webapp_historicalleaseagreement_tenants VALUES(11,8,11,8,5);
INSERT INTO webapp_historicalleaseagreement_tenants VALUES(12,8,12,8,6);
INSERT INTO webapp_historicalleaseagreement_tenants VALUES(13,9,13,9,2);
INSERT INTO webapp_historicalleaseagreement_tenants VALUES(14,9,14,9,3);
INSERT INTO webapp_historicalleaseagreement_tenants VALUES(15,10,15,10,2);
INSERT INTO webapp_historicalleaseagreement_tenants VALUES(16,10,16,10,3);
CREATE TABLE IF NOT EXISTS "webapp_banktransaktion" ("id" integer NOT NULL PRIMARY KEY AUTOINCREMENT, "referenz_nummer" varchar(255) NOT NULL UNIQUE, "partner_name" varchar(255) NOT NULL, "iban" varchar(34) NOT NULL, "betrag" decimal NOT NULL, "buchungsdatum" date NOT NULL, "verwendungszweck" text NOT NULL);
CREATE TABLE IF NOT EXISTS "webapp_historicalbuchung" ("id" bigint NOT NULL, "typ" varchar(20) NOT NULL, "kategorie" varchar(20) NOT NULL, "buchungstext" varchar(255) NOT NULL, "datum" date NOT NULL, "netto" decimal NOT NULL, "ust_prozent" decimal NOT NULL, "brutto" decimal NOT NULL, "history_id" integer NOT NULL PRIMARY KEY AUTOINCREMENT, "history_date" datetime NOT NULL, "history_change_reason" varchar(100) NULL, "history_type" varchar(1) NOT NULL, "bank_transaktion_id" bigint NULL, "einheit_id" bigint NULL, "history_user_id" integer NULL REFERENCES "auth_user" ("id") DEFERRABLE INITIALLY DEFERRED, "mietervertrag_id" bigint NULL, "storniert_von_id" bigint NULL);
INSERT INTO webapp_historicalbuchung VALUES(82,'soll','hmz','SOLL Hauptmietzins 02.2026','2026-02-01',34.9900000000000019,20,41.9900000000000019,53,'2026-02-08 14:43:34.609598',NULL,'-',NULL,13,NULL,10,NULL);
INSERT INTO webapp_historicalbuchung VALUES(81,'soll','hmz','SOLL Hauptmietzins 02.2026','2026-02-01',34.9900000000000019,20,41.9900000000000019,54,'2026-02-08 14:43:35.961406',NULL,'-',NULL,12,NULL,9,NULL);
INSERT INTO webapp_historicalbuchung VALUES(79,'soll','hk','SOLL Heizkosten 02.2026','2026-02-01',70,20,84,55,'2026-02-08 14:43:36.942559',NULL,'-',NULL,7,NULL,7,NULL);
INSERT INTO webapp_historicalbuchung VALUES(78,'soll','bk','SOLL Betriebskosten 02.2026','2026-02-01',207.25,10,227.979999999999989,56,'2026-02-08 14:43:38.113577',NULL,'-',NULL,7,NULL,7,NULL);
INSERT INTO webapp_historicalbuchung VALUES(77,'soll','hmz','SOLL Hauptmietzins 02.2026','2026-02-01',363.689999999999997,10,400.060000000000002,57,'2026-02-08 14:43:39.254255',NULL,'-',NULL,7,NULL,7,NULL);
INSERT INTO webapp_historicalbuchung VALUES(76,'soll','bk','SOLL Betriebskosten 02.2026','2026-02-01',233.900000000000005,10,257.29000000000002,58,'2026-02-08 14:43:40.342564',NULL,'-',NULL,6,NULL,6,NULL);
INSERT INTO webapp_historicalbuchung VALUES(75,'soll','hmz','SOLL Hauptmietzins 02.2026','2026-02-01',571.220000000000027,10,628.340000000000031,59,'2026-02-08 14:43:41.397208',NULL,'-',NULL,6,NULL,6,NULL);
INSERT INTO webapp_historicalbuchung VALUES(74,'soll','bk','SOLL Betriebskosten 02.2026','2026-02-01',216.819999999999993,10,238.5,60,'2026-02-08 14:43:42.639384',NULL,'-',NULL,5,NULL,5,NULL);
INSERT INTO webapp_historicalbuchung VALUES(73,'soll','hmz','SOLL Hauptmietzins 02.2026','2026-02-01',600.110000000000013,10,660.120000000000004,61,'2026-02-08 14:43:43.556737',NULL,'-',NULL,5,NULL,5,NULL);
INSERT INTO webapp_historicalbuchung VALUES(72,'soll','hk','SOLL Heizkosten 02.2026','2026-02-01',22.4800000000000004,20,26.9800000000000004,62,'2026-02-08 14:43:44.483776',NULL,'-',NULL,4,NULL,4,NULL);
INSERT INTO webapp_historicalbuchung VALUES(71,'soll','bk','SOLL Betriebskosten 02.2026','2026-02-01',140.240000000000009,10,154.25999999999999,63,'2026-02-08 14:43:45.390698',NULL,'-',NULL,4,NULL,4,NULL);
INSERT INTO webapp_historicalbuchung VALUES(70,'soll','hmz','SOLL Hauptmietzins 02.2026','2026-02-01',608.059999999999945,10,668.870000000000004,64,'2026-02-08 14:43:46.335260',NULL,'-',NULL,4,NULL,4,NULL);
INSERT INTO webapp_historicalbuchung VALUES(69,'soll','hk','SOLL Heizkosten 02.2026','2026-02-01',28.2600000000000015,20,33.9099999999999965,65,'2026-02-08 14:43:47.274376',NULL,'-',NULL,3,NULL,3,NULL);
INSERT INTO webapp_historicalbuchung VALUES(68,'soll','bk','SOLL Betriebskosten 02.2026','2026-02-01',176.289999999999992,10,193.919999999999987,66,'2026-02-08 14:43:48.829663',NULL,'-',NULL,3,NULL,3,NULL);
INSERT INTO webapp_historicalbuchung VALUES(67,'soll','hmz','SOLL Hauptmietzins 02.2026','2026-02-01',764.25999999999999,10,840.690000000000054,67,'2026-02-08 14:43:49.739366',NULL,'-',NULL,3,NULL,3,NULL);
INSERT INTO webapp_historicalbuchung VALUES(41,'soll','bk','SOLL Betriebskosten 01.2026','2026-01-01',130.919999999999987,10,144.00999999999999,68,'2026-02-08 14:43:54.775165',NULL,'-',NULL,1,NULL,1,NULL);
INSERT INTO webapp_historicalbuchung VALUES(80,'soll','hmz','SOLL Hauptmietzins 02.2026','2026-02-01',34.9900000000000019,20,41.9900000000000019,69,'2026-02-08 14:44:01.181643',NULL,'-',NULL,9,NULL,8,NULL);
INSERT INTO webapp_historicalbuchung VALUES(66,'soll','hk','SOLL Heizkosten 02.2026','2026-02-01',28.2699999999999995,20,33.9200000000000017,70,'2026-02-08 14:44:02.444383',NULL,'-',NULL,2,NULL,2,NULL);
INSERT INTO webapp_historicalbuchung VALUES(65,'soll','bk','SOLL Betriebskosten 02.2026','2026-02-01',176.360000000000013,10,194,71,'2026-02-08 14:44:03.440510',NULL,'-',NULL,2,NULL,2,NULL);
INSERT INTO webapp_historicalbuchung VALUES(64,'soll','hmz','SOLL Hauptmietzins 02.2026','2026-02-01',764.539999999999963,10,840.990000000000009,72,'2026-02-08 14:44:04.448340',NULL,'-',NULL,2,NULL,2,NULL);
INSERT INTO webapp_historicalbuchung VALUES(63,'soll','hk','SOLL Heizkosten 02.2026','2026-02-01',20.9899999999999984,20,25.1900000000000012,73,'2026-02-08 14:44:05.501076',NULL,'-',NULL,1,NULL,1,NULL);
INSERT INTO webapp_historicalbuchung VALUES(62,'soll','bk','SOLL Betriebskosten 02.2026','2026-02-01',130.919999999999987,10,144.00999999999999,74,'2026-02-08 14:44:06.676482',NULL,'-',NULL,1,NULL,1,NULL);
INSERT INTO webapp_historicalbuchung VALUES(61,'soll','hmz','SOLL Hauptmietzins 01.2026','2026-01-01',34.9900000000000019,20,41.9900000000000019,75,'2026-02-08 14:44:07.610304',NULL,'-',NULL,13,NULL,10,NULL);
INSERT INTO webapp_historicalbuchung VALUES(60,'soll','hmz','SOLL Hauptmietzins 01.2026','2026-01-01',34.9900000000000019,20,41.9900000000000019,76,'2026-02-08 14:44:08.561726',NULL,'-',NULL,12,NULL,9,NULL);
INSERT INTO webapp_historicalbuchung VALUES(59,'soll','hmz','SOLL Hauptmietzins 01.2026','2026-01-01',34.9900000000000019,20,41.9900000000000019,77,'2026-02-08 14:44:09.489024',NULL,'-',NULL,9,NULL,8,NULL);
INSERT INTO webapp_historicalbuchung VALUES(58,'soll','hk','SOLL Heizkosten 01.2026','2026-01-01',70,20,84,78,'2026-02-08 14:44:10.464973',NULL,'-',NULL,7,NULL,7,NULL);
INSERT INTO webapp_historicalbuchung VALUES(57,'soll','bk','SOLL Betriebskosten 01.2026','2026-01-01',207.25,10,227.979999999999989,79,'2026-02-08 14:44:11.406879',NULL,'-',NULL,7,NULL,7,NULL);
INSERT INTO webapp_historicalbuchung VALUES(56,'soll','hmz','SOLL Hauptmietzins 01.2026','2026-01-01',363.689999999999997,10,400.060000000000002,80,'2026-02-08 14:44:12.492584',NULL,'-',NULL,7,NULL,7,NULL);
INSERT INTO webapp_historicalbuchung VALUES(55,'soll','bk','SOLL Betriebskosten 01.2026','2026-01-01',233.900000000000005,10,257.29000000000002,81,'2026-02-08 14:44:13.616042',NULL,'-',NULL,6,NULL,6,NULL);
INSERT INTO webapp_historicalbuchung VALUES(54,'soll','hmz','SOLL Hauptmietzins 01.2026','2026-01-01',571.220000000000027,10,628.340000000000031,82,'2026-02-08 14:44:14.663956',NULL,'-',NULL,6,NULL,6,NULL);
INSERT INTO webapp_historicalbuchung VALUES(53,'soll','bk','SOLL Betriebskosten 01.2026','2026-01-01',216.819999999999993,10,238.5,83,'2026-02-08 14:44:15.616010',NULL,'-',NULL,5,NULL,5,NULL);
INSERT INTO webapp_historicalbuchung VALUES(52,'soll','hmz','SOLL Hauptmietzins 01.2026','2026-01-01',600.110000000000013,10,660.120000000000004,84,'2026-02-08 14:44:16.551262',NULL,'-',NULL,5,NULL,5,NULL);
INSERT INTO webapp_historicalbuchung VALUES(51,'soll','hk','SOLL Heizkosten 01.2026','2026-01-01',22.4800000000000004,20,26.9800000000000004,85,'2026-02-08 14:44:17.556692',NULL,'-',NULL,4,NULL,4,NULL);
INSERT INTO webapp_historicalbuchung VALUES(50,'soll','bk','SOLL Betriebskosten 01.2026','2026-01-01',140.240000000000009,10,154.25999999999999,86,'2026-02-08 14:44:18.488500',NULL,'-',NULL,4,NULL,4,NULL);
INSERT INTO webapp_historicalbuchung VALUES(49,'soll','hmz','SOLL Hauptmietzins 01.2026','2026-01-01',608.059999999999945,10,668.870000000000004,87,'2026-02-08 14:44:19.461174',NULL,'-',NULL,4,NULL,4,NULL);
INSERT INTO webapp_historicalbuchung VALUES(48,'soll','hk','SOLL Heizkosten 01.2026','2026-01-01',28.2600000000000015,20,33.9099999999999965,88,'2026-02-08 14:44:20.368692',NULL,'-',NULL,3,NULL,3,NULL);
INSERT INTO webapp_historicalbuchung VALUES(47,'soll','bk','SOLL Betriebskosten 01.2026','2026-01-01',176.289999999999992,10,193.919999999999987,89,'2026-02-08 14:44:21.293926',NULL,'-',NULL,3,NULL,3,NULL);
INSERT INTO webapp_historicalbuchung VALUES(46,'soll','hmz','SOLL Hauptmietzins 01.2026','2026-01-01',764.25999999999999,10,840.690000000000054,90,'2026-02-08 14:44:22.142710',NULL,'-',NULL,3,NULL,3,NULL);
INSERT INTO webapp_historicalbuchung VALUES(45,'soll','hk','SOLL Heizkosten 01.2026','2026-01-01',28.2699999999999995,20,33.9200000000000017,91,'2026-02-08 14:44:23.024105',NULL,'-',NULL,2,NULL,2,NULL);
INSERT INTO webapp_historicalbuchung VALUES(44,'soll','bk','SOLL Betriebskosten 01.2026','2026-01-01',176.360000000000013,10,194,92,'2026-02-08 14:44:23.875636',NULL,'-',NULL,2,NULL,2,NULL);
INSERT INTO webapp_historicalbuchung VALUES(43,'soll','hmz','SOLL Hauptmietzins 01.2026','2026-01-01',764.539999999999963,10,840.990000000000009,93,'2026-02-08 14:44:24.724401',NULL,'-',NULL,2,NULL,2,NULL);
INSERT INTO webapp_historicalbuchung VALUES(42,'soll','hk','SOLL Heizkosten 01.2026','2026-01-01',20.9899999999999984,20,25.1900000000000012,94,'2026-02-08 14:44:25.625317',NULL,'-',NULL,1,NULL,1,NULL);
INSERT INTO webapp_historicalbuchung VALUES(100,'ist','zahlung','BANKIMPORT [201002602012AEI-T0MJWNCPHCGI] · Diverenz miete Jänner 26','2026-02-02',34.0300000000000011,0,34.0300000000000011,95,'2026-02-08 15:42:49.391649',NULL,'-',NULL,5,NULL,5,NULL);
INSERT INTO webapp_historicalbuchung VALUES(99,'ist','zahlung','BANKIMPORT [201112602022AIP-0092ICQSR6CN] · Mietvertrag, Feb 2026, Bahngasse 14 /Top 2','2026-02-02',1068.91000000000008,0,1068.91000000000008,96,'2026-02-08 15:42:49.393942',NULL,'-',NULL,2,NULL,2,NULL);
INSERT INTO webapp_historicalbuchung VALUES(98,'ist','zahlung','BANKIMPORT [201112602022AIP-0092MF1DEN5J] · Bahngasse 14 / Kfz-Stellplatz Nr. 5 und 6 (Feb 2026)','2026-02-02',41.9900000000000019,0,41.9900000000000019,97,'2026-02-08 15:42:49.395053',NULL,'-',NULL,13,NULL,10,NULL);
INSERT INTO webapp_historicalbuchung VALUES(97,'ist','zahlung','BANKIMPORT [201112602022AIP-0092MF1DEN5J] · Bahngasse 14 / Kfz-Stellplatz Nr. 5 und 6 (Feb 2026)','2026-02-02',41.9900000000000019,0,41.9900000000000019,98,'2026-02-08 15:42:49.395933',NULL,'-',NULL,12,NULL,9,NULL);
INSERT INTO webapp_historicalbuchung VALUES(96,'ist','zahlung','BANKIMPORT [201112602032AB3-DD1001006566] · BK Top1 Frieda Fuchs','2026-02-03',169.199999999999988,0,169.199999999999988,99,'2026-02-08 15:42:49.396717',NULL,'-',NULL,1,NULL,1,NULL);
INSERT INTO webapp_historicalbuchung VALUES(95,'ist','zahlung','BANKIMPORT [201002602032AEI-54PDFO009129] · Miete Top4 Steinkogler','2026-02-03',850.110000000000013,0,850.110000000000013,100,'2026-02-08 15:42:49.397554',NULL,'-',NULL,4,NULL,4,NULL);
INSERT INTO webapp_historicalbuchung VALUES(94,'ist','zahlung','BANKIMPORT [201112602032AIP-00D61NGXCOUF] · UNTER VORBEHALT! Miete - Februar 20 26 (J. Steklasa, M. Chikwereuba), M eidlinger Hauptstrasse 69/1/5, 1120 Wien','2026-02-03',686.67999999999995,0,686.67999999999995,101,'2026-02-08 15:42:49.398353',NULL,'-',NULL,7,NULL,7,NULL);
INSERT INTO webapp_historicalbuchung VALUES(93,'ist','zahlung','BANKIMPORT [201002602032AEI-55PB8Q054642] · Kfz-Stellplatz Nr. 2','2026-02-04',41.9900000000000019,0,41.9900000000000019,102,'2026-02-08 15:42:49.399136',NULL,'-',NULL,9,NULL,8,NULL);
INSERT INTO webapp_historicalbuchung VALUES(92,'ist','zahlung','BANKIMPORT [201002602032AEI-55PB8N049569] · Miete Bahngasse 14/Top 3','2026-02-04',1068.51999999999998,0,1068.51999999999998,103,'2026-02-08 15:42:49.399936',NULL,'-',NULL,3,NULL,3,NULL);
INSERT INTO webapp_historicalbuchung VALUES(91,'ist','zahlung','BANKIMPORT [201112601032AIP-00AZR3DGKV0Q] · Mietvertrag, Jan 2026, Bahngasse 14 /Top 2','2026-01-05',1068.91000000000008,0,1068.91000000000008,104,'2026-02-08 15:42:49.400754',NULL,'-',NULL,2,NULL,2,NULL);
INSERT INTO webapp_historicalbuchung VALUES(90,'ist','zahlung','BANKIMPORT [201112601032AIP-00B02J751KVU] · Bahngasse 14 / Kfz-Stellplatz Nr. 5 und 6 (Jan 2026)','2026-01-05',41.9900000000000019,0,41.9900000000000019,105,'2026-02-08 15:42:49.401537',NULL,'-',NULL,13,NULL,10,NULL);
INSERT INTO webapp_historicalbuchung VALUES(89,'ist','zahlung','BANKIMPORT [201112601032AIP-00B02J751KVU] · Bahngasse 14 / Kfz-Stellplatz Nr. 5 und 6 (Jan 2026)','2026-01-05',41.9900000000000019,0,41.9900000000000019,106,'2026-02-08 15:42:49.402395',NULL,'-',NULL,12,NULL,9,NULL);
INSERT INTO webapp_historicalbuchung VALUES(88,'ist','zahlung','BANKIMPORT [201112601042AIP-00CZQAJ07IVP] · UNTER VORBEHALT! Miete - Januar 202 6 (J. Steklasa, M. Chikwereuba), Me idlinger Hauptstrasse 69/1/5, 1120 Wien','2026-01-05',686.67999999999995,0,686.67999999999995,107,'2026-02-08 15:42:49.403173',NULL,'-',NULL,7,NULL,7,NULL);
INSERT INTO webapp_historicalbuchung VALUES(87,'ist','zahlung','BANKIMPORT [201112601052AB3-DD1001029141] · BK Top1 Frieda Fuchs','2026-01-05',169.199999999999988,0,169.199999999999988,108,'2026-02-08 15:42:49.403958',NULL,'-',NULL,1,NULL,1,NULL);
INSERT INTO webapp_historicalbuchung VALUES(86,'ist','zahlung','BANKIMPORT [201002601052AEI-54PB99050090] · Miete Top4 Steinkogler','2026-01-05',850.110000000000013,0,850.110000000000013,109,'2026-02-08 15:42:49.404729',NULL,'-',NULL,4,NULL,4,NULL);
INSERT INTO webapp_historicalbuchung VALUES(85,'ist','zahlung','BANKIMPORT [201002601062AEI-57P2WT020546] · Miete Bahngasse 14/Top 3','2026-01-07',1068.51999999999998,0,1068.51999999999998,110,'2026-02-08 15:42:49.405518',NULL,'-',NULL,3,NULL,3,NULL);
INSERT INTO webapp_historicalbuchung VALUES(84,'ist','zahlung','BANKIMPORT [201002601062AEI-56P2WQ017943] · Kfz-Stellplatz Nr. 2','2026-01-07',41.9900000000000019,0,41.9900000000000019,111,'2026-02-08 15:42:49.406291',NULL,'-',NULL,9,NULL,8,NULL);
INSERT INTO webapp_historicalbuchung VALUES(83,'ist','zahlung','BANKIMPORT [201002601302AEI-T0BKYCCPHCGI] · Miete Jänner 2026','2026-01-30',898.620000000000004,0,898.620000000000004,112,'2026-02-08 15:42:49.407067',NULL,'-',NULL,5,NULL,5,NULL);
CREATE TABLE IF NOT EXISTS "webapp_buchung" ("id" integer NOT NULL PRIMARY KEY AUTOINCREMENT, "typ" varchar(20) NOT NULL, "kategorie" varchar(20) NOT NULL, "buchungstext" varchar(255) NOT NULL, "datum" date NOT NULL, "netto" decimal NOT NULL, "ust_prozent" decimal NOT NULL, "brutto" decimal NOT NULL, "bank_transaktion_id" bigint NULL REFERENCES "webapp_banktransaktion" ("id") DEFERRABLE INITIALLY DEFERRED, "einheit_id" bigint NULL REFERENCES "webapp_unit" ("id") DEFERRABLE INITIALLY DEFERRED, "mietervertrag_id" bigint NULL REFERENCES "webapp_leaseagreement" ("id") DEFERRABLE INITIALLY DEFERRED, "storniert_von_id" bigint NULL REFERENCES "webapp_buchung" ("id") DEFERRABLE INITIALLY DEFERRED);
INSERT INTO webapp_buchung VALUES(101,'soll','bk','SOLL Betriebskosten 01.2026','2026-01-01',130.919999999999987,10,144.00999999999999,NULL,1,1,NULL);
INSERT INTO webapp_buchung VALUES(102,'soll','hk','SOLL Heizkosten 01.2026','2026-01-01',20.9899999999999984,20,25.1900000000000012,NULL,1,1,NULL);
INSERT INTO webapp_buchung VALUES(103,'soll','hmz','SOLL Hauptmietzins 01.2026','2026-01-01',764.539999999999963,10,840.990000000000009,NULL,2,2,NULL);
INSERT INTO webapp_buchung VALUES(104,'soll','bk','SOLL Betriebskosten 01.2026','2026-01-01',176.360000000000013,10,194,NULL,2,2,NULL);
INSERT INTO webapp_buchung VALUES(105,'soll','hk','SOLL Heizkosten 01.2026','2026-01-01',28.2699999999999995,20,33.9200000000000017,NULL,2,2,NULL);
INSERT INTO webapp_buchung VALUES(106,'soll','hmz','SOLL Hauptmietzins 01.2026','2026-01-01',764.25999999999999,10,840.690000000000054,NULL,3,3,NULL);
INSERT INTO webapp_buchung VALUES(107,'soll','bk','SOLL Betriebskosten 01.2026','2026-01-01',176.289999999999992,10,193.919999999999987,NULL,3,3,NULL);
INSERT INTO webapp_buchung VALUES(108,'soll','hk','SOLL Heizkosten 01.2026','2026-01-01',28.2600000000000015,20,33.9099999999999965,NULL,3,3,NULL);
INSERT INTO webapp_buchung VALUES(109,'soll','hmz','SOLL Hauptmietzins 01.2026','2026-01-01',608.059999999999945,10,668.870000000000004,NULL,4,4,NULL);
INSERT INTO webapp_buchung VALUES(110,'soll','bk','SOLL Betriebskosten 01.2026','2026-01-01',140.240000000000009,10,154.25999999999999,NULL,4,4,NULL);
INSERT INTO webapp_buchung VALUES(111,'soll','hk','SOLL Heizkosten 01.2026','2026-01-01',22.4800000000000004,20,26.9800000000000004,NULL,4,4,NULL);
INSERT INTO webapp_buchung VALUES(112,'soll','hmz','SOLL Hauptmietzins 01.2026','2026-01-01',600.110000000000013,10,660.120000000000004,NULL,5,5,NULL);
INSERT INTO webapp_buchung VALUES(113,'soll','bk','SOLL Betriebskosten 01.2026','2026-01-01',216.819999999999993,10,238.5,NULL,5,5,NULL);
INSERT INTO webapp_buchung VALUES(114,'soll','hmz','SOLL Hauptmietzins 01.2026','2026-01-01',571.220000000000027,10,628.340000000000031,NULL,6,6,NULL);
INSERT INTO webapp_buchung VALUES(115,'soll','bk','SOLL Betriebskosten 01.2026','2026-01-01',233.900000000000005,10,257.29000000000002,NULL,6,6,NULL);
INSERT INTO webapp_buchung VALUES(116,'soll','hmz','SOLL Hauptmietzins 01.2026','2026-01-01',363.689999999999997,10,400.060000000000002,NULL,7,7,NULL);
INSERT INTO webapp_buchung VALUES(117,'soll','bk','SOLL Betriebskosten 01.2026','2026-01-01',207.25,10,227.979999999999989,NULL,7,7,NULL);
INSERT INTO webapp_buchung VALUES(118,'soll','hk','SOLL Heizkosten 01.2026','2026-01-01',70,20,84,NULL,7,7,NULL);
INSERT INTO webapp_buchung VALUES(119,'soll','hmz','SOLL Hauptmietzins 01.2026','2026-01-01',34.9900000000000019,20,41.9900000000000019,NULL,9,8,NULL);
INSERT INTO webapp_buchung VALUES(120,'soll','hmz','SOLL Hauptmietzins 01.2026','2026-01-01',34.9900000000000019,20,41.9900000000000019,NULL,12,9,NULL);
INSERT INTO webapp_buchung VALUES(121,'soll','hmz','SOLL Hauptmietzins 01.2026','2026-01-01',34.9900000000000019,20,41.9900000000000019,NULL,13,10,NULL);
INSERT INTO webapp_buchung VALUES(122,'soll','bk','SOLL Betriebskosten 02.2026','2026-02-01',130.919999999999987,10,144.00999999999999,NULL,1,1,NULL);
INSERT INTO webapp_buchung VALUES(123,'soll','hk','SOLL Heizkosten 02.2026','2026-02-01',20.9899999999999984,20,25.1900000000000012,NULL,1,1,NULL);
INSERT INTO webapp_buchung VALUES(124,'soll','hmz','SOLL Hauptmietzins 02.2026','2026-02-01',764.539999999999963,10,840.990000000000009,NULL,2,2,NULL);
INSERT INTO webapp_buchung VALUES(125,'soll','bk','SOLL Betriebskosten 02.2026','2026-02-01',176.360000000000013,10,194,NULL,2,2,NULL);
INSERT INTO webapp_buchung VALUES(126,'soll','hk','SOLL Heizkosten 02.2026','2026-02-01',28.2699999999999995,20,33.9200000000000017,NULL,2,2,NULL);
INSERT INTO webapp_buchung VALUES(127,'soll','hmz','SOLL Hauptmietzins 02.2026','2026-02-01',764.25999999999999,10,840.690000000000054,NULL,3,3,NULL);
INSERT INTO webapp_buchung VALUES(128,'soll','bk','SOLL Betriebskosten 02.2026','2026-02-01',176.289999999999992,10,193.919999999999987,NULL,3,3,NULL);
INSERT INTO webapp_buchung VALUES(129,'soll','hk','SOLL Heizkosten 02.2026','2026-02-01',28.2600000000000015,20,33.9099999999999965,NULL,3,3,NULL);
INSERT INTO webapp_buchung VALUES(130,'soll','hmz','SOLL Hauptmietzins 02.2026','2026-02-01',608.059999999999945,10,668.870000000000004,NULL,4,4,NULL);
INSERT INTO webapp_buchung VALUES(131,'soll','bk','SOLL Betriebskosten 02.2026','2026-02-01',140.240000000000009,10,154.25999999999999,NULL,4,4,NULL);
INSERT INTO webapp_buchung VALUES(132,'soll','hk','SOLL Heizkosten 02.2026','2026-02-01',22.4800000000000004,20,26.9800000000000004,NULL,4,4,NULL);
INSERT INTO webapp_buchung VALUES(133,'soll','hmz','SOLL Hauptmietzins 02.2026','2026-02-01',600.110000000000013,10,660.120000000000004,NULL,5,5,NULL);
INSERT INTO webapp_buchung VALUES(134,'soll','bk','SOLL Betriebskosten 02.2026','2026-02-01',216.819999999999993,10,238.5,NULL,5,5,NULL);
INSERT INTO webapp_buchung VALUES(135,'soll','hmz','SOLL Hauptmietzins 02.2026','2026-02-01',571.220000000000027,10,628.340000000000031,NULL,6,6,NULL);
INSERT INTO webapp_buchung VALUES(136,'soll','bk','SOLL Betriebskosten 02.2026','2026-02-01',233.900000000000005,10,257.29000000000002,NULL,6,6,NULL);
INSERT INTO webapp_buchung VALUES(137,'soll','hmz','SOLL Hauptmietzins 02.2026','2026-02-01',363.689999999999997,10,400.060000000000002,NULL,7,7,NULL);
INSERT INTO webapp_buchung VALUES(138,'soll','bk','SOLL Betriebskosten 02.2026','2026-02-01',207.25,10,227.979999999999989,NULL,7,7,NULL);
INSERT INTO webapp_buchung VALUES(139,'soll','hk','SOLL Heizkosten 02.2026','2026-02-01',70,20,84,NULL,7,7,NULL);
INSERT INTO webapp_buchung VALUES(140,'soll','hmz','SOLL Hauptmietzins 02.2026','2026-02-01',34.9900000000000019,20,41.9900000000000019,NULL,9,8,NULL);
INSERT INTO webapp_buchung VALUES(141,'soll','hmz','SOLL Hauptmietzins 02.2026','2026-02-01',34.9900000000000019,20,41.9900000000000019,NULL,12,9,NULL);
INSERT INTO webapp_buchung VALUES(142,'soll','hmz','SOLL Hauptmietzins 02.2026','2026-02-01',34.9900000000000019,20,41.9900000000000019,NULL,13,10,NULL);
INSERT INTO webapp_buchung VALUES(143,'ist','zahlung','BANKIMPORT [201002601302AEI-T0BKYCCPHCGI] · Miete Jänner 2026','2026-01-30',816.929999999999949,10,898.620000000000004,NULL,5,5,NULL);
INSERT INTO webapp_buchung VALUES(144,'ist','zahlung','BANKIMPORT [201002601062AEI-56P2WQ017943] · Kfz-Stellplatz Nr. 2','2026-01-07',34.9900000000000019,20,41.9900000000000019,NULL,9,8,NULL);
INSERT INTO webapp_buchung VALUES(145,'ist','zahlung','BANKIMPORT [201002601062AEI-57P2WT020546] · Miete Bahngasse 14/Top 3','2026-01-07',940.549999999999954,10,1034.6099999999999,NULL,3,3,NULL);
INSERT INTO webapp_buchung VALUES(146,'ist','zahlung','BANKIMPORT [201002601062AEI-57P2WT020546] · Miete Bahngasse 14/Top 3','2026-01-07',28.2600000000000015,20,33.9099999999999965,NULL,3,3,NULL);
INSERT INTO webapp_buchung VALUES(147,'ist','zahlung','BANKIMPORT [201002601052AEI-54PB99050090] · Miete Top4 Steinkogler','2026-01-05',748.299999999999954,10,823.129999999999995,NULL,4,4,NULL);
INSERT INTO webapp_buchung VALUES(148,'ist','zahlung','BANKIMPORT [201002601052AEI-54PB99050090] · Miete Top4 Steinkogler','2026-01-05',22.4800000000000004,20,26.9800000000000004,NULL,4,4,NULL);
INSERT INTO webapp_buchung VALUES(149,'ist','zahlung','BANKIMPORT [201112601052AB3-DD1001029141] · BK Top1 Frieda Fuchs','2026-01-05',130.919999999999987,10,144.00999999999999,NULL,1,1,NULL);
INSERT INTO webapp_buchung VALUES(150,'ist','zahlung','BANKIMPORT [201112601052AB3-DD1001029141] · BK Top1 Frieda Fuchs','2026-01-05',20.9899999999999984,20,25.1900000000000012,NULL,1,1,NULL);
INSERT INTO webapp_buchung VALUES(151,'ist','zahlung','BANKIMPORT [201112601042AIP-00CZQAJ07IVP] · UNTER VORBEHALT! Miete - Januar 202 6 (J. Steklasa, M. Chikwereuba), Me idlinger Hauptstrasse 69/1/5, 1120 Wien','2026-01-05',550.610000000000013,10,605.669999999999959,NULL,7,7,NULL);
INSERT INTO webapp_buchung VALUES(152,'ist','zahlung','BANKIMPORT [201112601042AIP-00CZQAJ07IVP] · UNTER VORBEHALT! Miete - Januar 202 6 (J. Steklasa, M. Chikwereuba), Me idlinger Hauptstrasse 69/1/5, 1120 Wien','2026-01-05',67.5100000000000051,20,81.0100000000000051,NULL,7,7,NULL);
INSERT INTO webapp_buchung VALUES(153,'ist','zahlung','BANKIMPORT [201112601032AIP-00B02J751KVU] · Bahngasse 14 / Kfz-Stellplatz Nr. 5 und 6 (Jan 2026)','2026-01-05',34.9900000000000019,20,41.9900000000000019,NULL,12,9,NULL);
INSERT INTO webapp_buchung VALUES(154,'ist','zahlung','BANKIMPORT [201112601032AIP-00B02J751KVU] · Bahngasse 14 / Kfz-Stellplatz Nr. 5 und 6 (Jan 2026)','2026-01-05',34.9900000000000019,20,41.9900000000000019,NULL,13,10,NULL);
INSERT INTO webapp_buchung VALUES(155,'ist','zahlung','BANKIMPORT [201112601032AIP-00AZR3DGKV0Q] · Mietvertrag, Jan 2026, Bahngasse 14 /Top 2','2026-01-05',940.899999999999977,10,1034.99,NULL,2,2,NULL);
INSERT INTO webapp_buchung VALUES(156,'ist','zahlung','BANKIMPORT [201112601032AIP-00AZR3DGKV0Q] · Mietvertrag, Jan 2026, Bahngasse 14 /Top 2','2026-01-05',28.2699999999999995,20,33.9200000000000017,NULL,2,2,NULL);
INSERT INTO webapp_buchung VALUES(157,'ist','zahlung','BANKIMPORT [201002602032AEI-55PB8N049569] · Miete Bahngasse 14/Top 3','2026-02-04',940.549999999999954,10,1034.6099999999999,NULL,3,3,NULL);
INSERT INTO webapp_buchung VALUES(158,'ist','zahlung','BANKIMPORT [201002602032AEI-55PB8N049569] · Miete Bahngasse 14/Top 3','2026-02-04',28.2600000000000015,20,33.9099999999999965,NULL,3,3,NULL);
INSERT INTO webapp_buchung VALUES(159,'ist','zahlung','BANKIMPORT [201002602032AEI-55PB8Q054642] · Kfz-Stellplatz Nr. 2','2026-02-04',34.9900000000000019,20,41.9900000000000019,NULL,9,8,NULL);
INSERT INTO webapp_buchung VALUES(160,'ist','zahlung','BANKIMPORT [201112602032AIP-00D61NGXCOUF] · UNTER VORBEHALT! Miete - Februar 20 26 (J. Steklasa, M. Chikwereuba), M eidlinger Hauptstrasse 69/1/5, 1120 Wien','2026-02-03',550.610000000000013,10,605.669999999999959,NULL,7,7,NULL);
INSERT INTO webapp_buchung VALUES(161,'ist','zahlung','BANKIMPORT [201112602032AIP-00D61NGXCOUF] · UNTER VORBEHALT! Miete - Februar 20 26 (J. Steklasa, M. Chikwereuba), M eidlinger Hauptstrasse 69/1/5, 1120 Wien','2026-02-03',67.5100000000000051,20,81.0100000000000051,NULL,7,7,NULL);
INSERT INTO webapp_buchung VALUES(162,'ist','zahlung','BANKIMPORT [201002602032AEI-54PDFO009129] · Miete Top4 Steinkogler','2026-02-03',748.299999999999954,10,823.129999999999995,NULL,4,4,NULL);
INSERT INTO webapp_buchung VALUES(163,'ist','zahlung','BANKIMPORT [201002602032AEI-54PDFO009129] · Miete Top4 Steinkogler','2026-02-03',22.4800000000000004,20,26.9800000000000004,NULL,4,4,NULL);
INSERT INTO webapp_buchung VALUES(164,'ist','zahlung','BANKIMPORT [201112602032AB3-DD1001006566] · BK Top1 Frieda Fuchs','2026-02-03',130.919999999999987,10,144.00999999999999,NULL,1,1,NULL);
INSERT INTO webapp_buchung VALUES(165,'ist','zahlung','BANKIMPORT [201112602032AB3-DD1001006566] · BK Top1 Frieda Fuchs','2026-02-03',20.9899999999999984,20,25.1900000000000012,NULL,1,1,NULL);
INSERT INTO webapp_buchung VALUES(166,'ist','zahlung','BANKIMPORT [201112602022AIP-0092MF1DEN5J] · Bahngasse 14 / Kfz-Stellplatz Nr. 5 und 6 (Feb 2026)','2026-02-02',34.9900000000000019,20,41.9900000000000019,NULL,12,9,NULL);
INSERT INTO webapp_buchung VALUES(167,'ist','zahlung','BANKIMPORT [201112602022AIP-0092MF1DEN5J] · Bahngasse 14 / Kfz-Stellplatz Nr. 5 und 6 (Feb 2026)','2026-02-02',34.9900000000000019,20,41.9900000000000019,NULL,13,10,NULL);
INSERT INTO webapp_buchung VALUES(168,'ist','zahlung','BANKIMPORT [201112602022AIP-0092ICQSR6CN] · Mietvertrag, Feb 2026, Bahngasse 14 /Top 2','2026-02-02',940.899999999999977,10,1034.99,NULL,2,2,NULL);
INSERT INTO webapp_buchung VALUES(169,'ist','zahlung','BANKIMPORT [201112602022AIP-0092ICQSR6CN] · Mietvertrag, Feb 2026, Bahngasse 14 /Top 2','2026-02-02',28.2699999999999995,20,33.9200000000000017,NULL,2,2,NULL);
INSERT INTO webapp_buchung VALUES(170,'ist','zahlung','BANKIMPORT [201002602012AEI-T0MJWNCPHCGI] · Diverenz miete Jänner 26','2026-02-02',30.9400000000000012,10,34.0300000000000011,NULL,5,5,NULL);
CREATE TABLE IF NOT EXISTS "webapp_betriebskostenbeleg" ("id" integer NOT NULL PRIMARY KEY AUTOINCREMENT, "bk_art" varchar(30) NOT NULL, "datum" date NOT NULL, "netto" decimal NOT NULL, "brutto" decimal NOT NULL, "lieferant_name" varchar(255) NOT NULL, "iban" varchar(34) NOT NULL, "buchungstext" varchar(255) NOT NULL, "import_referenz" varchar(255) NOT NULL, "import_quelle" varchar(100) NOT NULL, "liegenschaft_id" bigint NOT NULL REFERENCES "webapp_property" ("id") DEFERRABLE INITIALLY DEFERRED, "ust_prozent" decimal NOT NULL);
INSERT INTO webapp_betriebskostenbeleg VALUES(9,'betriebskosten','2026-01-30',120,120,'Frieda Fuchs','AT792011122612019300','Gehalt','201112601302CDC-002J93X3896Y','bankimport',1,0);
INSERT INTO webapp_betriebskostenbeleg VALUES(10,'betriebskosten','2026-01-30',7.09999999999999964,7.09999999999999964,'Österreichische Gesundheitskasse','AT576000000002200152','Beitr.KtoNr.: 065015757','201112601302CDC-002IWEACRTPJ','bankimport',1,0);
INSERT INTO webapp_betriebskostenbeleg VALUES(11,'strom','2026-01-27',446.279999999999972,535.539999999999963,'EVN Vertrieb GmbH  Co KG','AT246000000510341163','3007903064 St. Andrae-Woerdern, Bah ngasse 14 ABR 716080034379 115,29 A BR 716080034380 152,81 ABR 71608003 4381 267,43','600002601222AEI-F4642KMVSCN6','bankimport',1,20);
INSERT INTO webapp_betriebskostenbeleg VALUES(12,'betriebskosten','2026-01-16',27.379999999999999,32.8599999999999994,'WEG 3423 St. Andrae-Woerdern, Lehne','AT863200052909318320','022520047003','201112601152AIP-00M3LF32U37U','bankimport',4,20);
INSERT INTO webapp_betriebskostenbeleg VALUES(13,'betriebskosten','2026-01-08',310.25999999999999,372.310000000000002,'AK HV HI 1120, Meidl.Hptstr.69','AT153200006912471140','Vorschreibung 01.2026 1269 /001-5','201002601072AEI-12PC9F026817','bankimport',6,20);
INSERT INTO webapp_betriebskostenbeleg VALUES(14,'betriebskosten','2026-01-02',271.800000000000011,326.160000000000025,'NV Immobilien GmbH','AT863200052909318320','022520047003','201112601022AB3-DD1001219745','bankimport',4,20);
INSERT INTO webapp_betriebskostenbeleg VALUES(15,'betriebskosten','2026-02-04',310.25999999999999,372.310000000000002,'AK HV HI 1120, Meidl.Hptstr.69','AT153200006912471140','Vorschreibung 02.2026 1269 /001-5','201002602032AEI-09PLMQ003695','bankimport',6,20);
INSERT INTO webapp_betriebskostenbeleg VALUES(16,'betriebskosten','2026-02-04',299.180000000000006,359.019999999999981,'NV Immobilien GmbH','AT863200052909318320','022520047003','201112602042AB3-DD1001018857','bankimport',4,20);
CREATE TABLE IF NOT EXISTS "webapp_dateizuordnung" ("id" integer NOT NULL PRIMARY KEY AUTOINCREMENT, "object_id" bigint unsigned NOT NULL CHECK ("object_id" >= 0), "kontext" varchar(100) NOT NULL, "sichtbar_fuer_verwalter" bool NOT NULL, "sichtbar_fuer_eigentuemer" bool NOT NULL, "sichtbar_fuer_mieter" bool NOT NULL, "created_at" datetime NOT NULL, "content_type_id" integer NOT NULL REFERENCES "django_content_type" ("id") DEFERRABLE INITIALLY DEFERRED, "created_by_id" integer NULL REFERENCES "auth_user" ("id") DEFERRABLE INITIALLY DEFERRED, "datei_id" bigint NOT NULL REFERENCES "webapp_datei" ("id") DEFERRABLE INITIALLY DEFERRED, CONSTRAINT "uniq_dateizuord_datei_target_kontext" UNIQUE ("datei_id", "content_type_id", "object_id", "kontext"));
CREATE TABLE IF NOT EXISTS "webapp_dateioperationlog" ("id" integer NOT NULL PRIMARY KEY AUTOINCREMENT, "operation" varchar(20) NOT NULL, "success" bool NOT NULL, "datei_name" varchar(255) NOT NULL, "object_id" bigint unsigned NULL CHECK ("object_id" >= 0), "detail" varchar(500) NOT NULL, "created_at" datetime NOT NULL, "actor_id" integer NULL REFERENCES "auth_user" ("id") DEFERRABLE INITIALLY DEFERRED, "content_type_id" integer NULL REFERENCES "django_content_type" ("id") DEFERRABLE INITIALLY DEFERRED, "datei_id" bigint NULL REFERENCES "webapp_datei" ("id") DEFERRABLE INITIALLY DEFERRED);
CREATE TABLE IF NOT EXISTS "webapp_datei" ("id" integer NOT NULL PRIMARY KEY AUTOINCREMENT, "file" varchar(100) NOT NULL, "original_name" varchar(255) NOT NULL, "mime_type" varchar(127) NOT NULL, "size_bytes" bigint unsigned NOT NULL CHECK ("size_bytes" >= 0), "checksum_sha256" varchar(64) NOT NULL, "kategorie" varchar(20) NOT NULL, "beschreibung" text NOT NULL, "created_at" datetime NOT NULL, "uploaded_by_id" integer NULL REFERENCES "auth_user" ("id") DEFERRABLE INITIALLY DEFERRED, "archived_at" datetime NULL, "archived_by_id" integer NULL REFERENCES "auth_user" ("id") DEFERRABLE INITIALLY DEFERRED, "is_archived" bool NOT NULL, "duplicate_of_id" bigint NULL REFERENCES "webapp_datei" ("id") DEFERRABLE INITIALLY DEFERRED);
DELETE FROM sqlite_sequence;
INSERT INTO sqlite_sequence VALUES('django_migrations',55);
INSERT INTO sqlite_sequence VALUES('django_admin_log',7);
INSERT INTO sqlite_sequence VALUES('django_content_type',24);
INSERT INTO sqlite_sequence VALUES('auth_permission',96);
INSERT INTO sqlite_sequence VALUES('auth_group',0);
INSERT INTO sqlite_sequence VALUES('auth_user',1);
INSERT INTO sqlite_sequence VALUES('webapp_property',6);
INSERT INTO sqlite_sequence VALUES('webapp_ownership',7);
INSERT INTO sqlite_sequence VALUES('webapp_owner',2);
INSERT INTO sqlite_sequence VALUES('webapp_manager',2);
INSERT INTO sqlite_sequence VALUES('webapp_tenant',10);
INSERT INTO sqlite_sequence VALUES('webapp_unit',13);
INSERT INTO sqlite_sequence VALUES('webapp_leaseagreement_tenants',16);
INSERT INTO sqlite_sequence VALUES('webapp_leaseagreement',10);
INSERT INTO sqlite_sequence VALUES('webapp_meterreading',82);
INSERT INTO sqlite_sequence VALUES('webapp_meter',26);
INSERT INTO sqlite_sequence VALUES('webapp_historicalleaseagreement',10);
INSERT INTO sqlite_sequence VALUES('webapp_historicalleaseagreement_tenants',16);
INSERT INTO sqlite_sequence VALUES('webapp_banktransaktion',17);
INSERT INTO sqlite_sequence VALUES('webapp_historicalbuchung',112);
INSERT INTO sqlite_sequence VALUES('webapp_buchung',170);
INSERT INTO sqlite_sequence VALUES('webapp_betriebskostenbeleg',16);
INSERT INTO sqlite_sequence VALUES('webapp_dateizuordnung',0);
INSERT INTO sqlite_sequence VALUES('webapp_datei',0);
CREATE UNIQUE INDEX "auth_group_permissions_group_id_permission_id_0cd325b0_uniq" ON "auth_group_permissions" ("group_id", "permission_id");
CREATE INDEX "auth_group_permissions_group_id_b120cbf9" ON "auth_group_permissions" ("group_id");
CREATE INDEX "auth_group_permissions_permission_id_84c5c92e" ON "auth_group_permissions" ("permission_id");
CREATE UNIQUE INDEX "auth_user_groups_user_id_group_id_94350c0c_uniq" ON "auth_user_groups" ("user_id", "group_id");
CREATE INDEX "auth_user_groups_user_id_6a12ed8b" ON "auth_user_groups" ("user_id");
CREATE INDEX "auth_user_groups_group_id_97559544" ON "auth_user_groups" ("group_id");
CREATE UNIQUE INDEX "auth_user_user_permissions_user_id_permission_id_14a6b632_uniq" ON "auth_user_user_permissions" ("user_id", "permission_id");
CREATE INDEX "auth_user_user_permissions_user_id_a95ead1b" ON "auth_user_user_permissions" ("user_id");
CREATE INDEX "auth_user_user_permissions_permission_id_1fbb5f2c" ON "auth_user_user_permissions" ("permission_id");
CREATE INDEX "django_admin_log_content_type_id_c4bce8eb" ON "django_admin_log" ("content_type_id");
CREATE INDEX "django_admin_log_user_id_c564eba6" ON "django_admin_log" ("user_id");
CREATE UNIQUE INDEX "django_content_type_app_label_model_76bd3d3b_uniq" ON "django_content_type" ("app_label", "model");
CREATE UNIQUE INDEX "auth_permission_content_type_id_codename_01ab375a_uniq" ON "auth_permission" ("content_type_id", "codename");
CREATE INDEX "auth_permission_content_type_id_2f476e4b" ON "auth_permission" ("content_type_id");
CREATE INDEX "django_session_expire_date_a5c62663" ON "django_session" ("expire_date");
CREATE UNIQUE INDEX "webapp_ownership_property_id_owner_id_b44bd454_uniq" ON "webapp_ownership" ("property_id", "owner_id");
CREATE INDEX "webapp_ownership_owner_id_e09af8c3" ON "webapp_ownership" ("owner_id");
CREATE INDEX "webapp_ownership_property_id_19d234dc" ON "webapp_ownership" ("property_id");
CREATE INDEX "webapp_property_manager_id_86c7e4c0" ON "webapp_property" ("manager_id");
CREATE UNIQUE INDEX "webapp_meterreading_meter_id_date_6e69abcd_uniq" ON "webapp_meterreading" ("meter_id", "date");
CREATE INDEX "webapp_meterreading_meter_id_cd71c737" ON "webapp_meterreading" ("meter_id");
CREATE INDEX "webapp_unit_property_id_437a99e2" ON "webapp_unit" ("property_id");
CREATE UNIQUE INDEX "webapp_leaseagreement_tenants_leaseagreement_id_tenant_id_ed032a41_uniq" ON "webapp_leaseagreement_tenants" ("leaseagreement_id", "tenant_id");
CREATE INDEX "webapp_leaseagreement_tenants_leaseagreement_id_687bd270" ON "webapp_leaseagreement_tenants" ("leaseagreement_id");
CREATE INDEX "webapp_leaseagreement_tenants_tenant_id_eb1507a0" ON "webapp_leaseagreement_tenants" ("tenant_id");
CREATE INDEX "webapp_leaseagreement_manager_id_5f855a24" ON "webapp_leaseagreement" ("manager_id");
CREATE INDEX "webapp_leaseagreement_unit_id_dcf49dde" ON "webapp_leaseagreement" ("unit_id");
CREATE INDEX "webapp_meter_property_id_c8c2e706" ON "webapp_meter" ("property_id");
CREATE INDEX "webapp_meter_unit_id_25254cb1" ON "webapp_meter" ("unit_id");
CREATE INDEX "webapp_historicalleaseagreement_id_c5000b8d" ON "webapp_historicalleaseagreement" ("id");
CREATE INDEX "webapp_historicalleaseagreement_history_date_bebce0e2" ON "webapp_historicalleaseagreement" ("history_date");
CREATE INDEX "webapp_historicalleaseagreement_manager_id_b0a561dd" ON "webapp_historicalleaseagreement" ("manager_id");
CREATE INDEX "webapp_historicalleaseagreement_unit_id_a90ab6b7" ON "webapp_historicalleaseagreement" ("unit_id");
CREATE INDEX "webapp_historicalleaseagreement_history_user_id_b5fd4164" ON "webapp_historicalleaseagreement" ("history_user_id");
CREATE INDEX "webapp_historicalleaseagreement_tenants_id_dd465d05" ON "webapp_historicalleaseagreement_tenants" ("id");
CREATE INDEX "webapp_historicalleaseagreement_tenants_leaseagreement_id_8336045a" ON "webapp_historicalleaseagreement_tenants" ("leaseagreement_id");
CREATE INDEX "webapp_historicalleaseagreement_tenants_history_id_fbff2973" ON "webapp_historicalleaseagreement_tenants" ("history_id");
CREATE INDEX "webapp_historicalleaseagreement_tenants_tenant_id_0a40749c" ON "webapp_historicalleaseagreement_tenants" ("tenant_id");
CREATE INDEX "webapp_historicalbuchung_id_e42545c6" ON "webapp_historicalbuchung" ("id");
CREATE INDEX "webapp_historicalbuchung_history_date_ce9ce02c" ON "webapp_historicalbuchung" ("history_date");
CREATE INDEX "webapp_historicalbuchung_bank_transaktion_id_9478daaa" ON "webapp_historicalbuchung" ("bank_transaktion_id");
CREATE INDEX "webapp_historicalbuchung_einheit_id_b517178c" ON "webapp_historicalbuchung" ("einheit_id");
CREATE INDEX "webapp_historicalbuchung_history_user_id_8b4f409f" ON "webapp_historicalbuchung" ("history_user_id");
CREATE INDEX "webapp_historicalbuchung_mietervertrag_id_b54961a8" ON "webapp_historicalbuchung" ("mietervertrag_id");
CREATE INDEX "webapp_historicalbuchung_storniert_von_id_0cfa8de7" ON "webapp_historicalbuchung" ("storniert_von_id");
CREATE INDEX "webapp_buchung_bank_transaktion_id_4ac7abd4" ON "webapp_buchung" ("bank_transaktion_id");
CREATE INDEX "webapp_buchung_einheit_id_409a9089" ON "webapp_buchung" ("einheit_id");
CREATE INDEX "webapp_buchung_mietervertrag_id_50408a61" ON "webapp_buchung" ("mietervertrag_id");
CREATE INDEX "webapp_buchung_storniert_von_id_82710a54" ON "webapp_buchung" ("storniert_von_id");
CREATE UNIQUE INDEX "uniq_bkbeleg_importquelle_referenz_not_blank" ON "webapp_betriebskostenbeleg" ("import_quelle", "import_referenz") WHERE "import_referenz" > '';
CREATE INDEX "webapp_betriebskostenbeleg_liegenschaft_id_f2470ef6" ON "webapp_betriebskostenbeleg" ("liegenschaft_id");
CREATE UNIQUE INDEX "uniq_buchung_soll_mietvertrag_datum_kategorie_typ" ON "webapp_buchung" ("mietervertrag_id", "datum", "kategorie", "typ") WHERE ("mietervertrag_id" IS NOT NULL AND "typ" = 'soll');
CREATE INDEX "webapp_dateizuordnung_content_type_id_d1eea280" ON "webapp_dateizuordnung" ("content_type_id");
CREATE INDEX "webapp_dateizuordnung_created_by_id_ccbe57ca" ON "webapp_dateizuordnung" ("created_by_id");
CREATE INDEX "webapp_dateizuordnung_datei_id_c8292c04" ON "webapp_dateizuordnung" ("datei_id");
CREATE INDEX "dateizuord_ct_oid_idx" ON "webapp_dateizuordnung" ("content_type_id", "object_id");
CREATE INDEX "dateizuord_created_idx" ON "webapp_dateizuordnung" ("created_at");
CREATE INDEX "webapp_dateioperationlog_actor_id_77ec33f5" ON "webapp_dateioperationlog" ("actor_id");
CREATE INDEX "webapp_dateioperationlog_content_type_id_a8a64b14" ON "webapp_dateioperationlog" ("content_type_id");
CREATE INDEX "webapp_dateioperationlog_datei_id_6f59f27d" ON "webapp_dateioperationlog" ("datei_id");
CREATE INDEX "dateiop_op_created_idx" ON "webapp_dateioperationlog" ("operation", "created_at");
CREATE INDEX "dateiop_ct_oid_idx" ON "webapp_dateioperationlog" ("content_type_id", "object_id");
CREATE INDEX "dateiop_created_idx" ON "webapp_dateioperationlog" ("created_at");
CREATE INDEX "webapp_datei_checksum_sha256_265d41ab" ON "webapp_datei" ("checksum_sha256");
CREATE INDEX "webapp_datei_uploaded_by_id_cfeab4b7" ON "webapp_datei" ("uploaded_by_id");
CREATE INDEX "webapp_datei_archived_by_id_cf9ab1ed" ON "webapp_datei" ("archived_by_id");
CREATE INDEX "webapp_datei_duplicate_of_id_b8afaeeb" ON "webapp_datei" ("duplicate_of_id");
CREATE INDEX "datei_kategorie_idx" ON "webapp_datei" ("kategorie");
CREATE INDEX "datei_created_at_idx" ON "webapp_datei" ("created_at");
CREATE INDEX "datei_arch_created_idx" ON "webapp_datei" ("is_archived", "created_at");
COMMIT;
